<ImportExportXml xmlns:xsi="http://www.w3.org/2001/XMLSchema-instance">
  <Entities>
    <Entity>
      <Name LocalizedName="サポート案件" OriginalName="サポート案件">Incident</Name>
      <FormXml>
        <forms type="main">
          <systemform>
            <formid>{915f6055-2e07-4276-ae08-2b96c8d02c57}</formid>
            <IntroducedVersion>8.0.0.0</IntroducedVersion>
            <FormPresentation>2</FormPresentation>
            <FormActivationState>1</FormActivationState>
            <form>
              <DisplayConditions FallbackForm="true" Order="5" solutionaction="Modified" />
            </form>
            <LocalizedNames>
              <LocalizedName description="対話型エクスペリエンスのサポート案件" languagecode="1041" />
            </LocalizedNames>
            <Descriptions>
              <Description description="既定の対話型エクスペリエンスのサポート案件フォームです。" languagecode="1041" />
            </Descriptions>
          </systemform>
          <systemform>
            <formid>{fe0fa3ed-1f34-4377-8fa2-386c42c68dd9}</formid>
            <IntroducedVersion>0.0.0.0</IntroducedVersion>
            <FormPresentation>1</FormPresentation>
            <FormActivationState>1</FormActivationState>
            <form enablerelatedinformation="false" shownavigationbar="true" hasmargin="false">
              <ancestor id="{4a63c8d1-6c1e-48ec-9db4-3e6c7155334c}" />
              <tabs showlabels="true">
                <tab name="general" verticallayout="true" id="{564b9a08-4626-46f5-8bd8-3d31e17a8873}" IsUserDefined="0" labelid="{b1775504-3646-4721-bdef-f1fd938a1e22}">
                  <labels>
                    <label description="概要" languagecode="1041" />
                  </labels>
                  <columns>
                    <column width="30%">
                      <sections>
                        <section name="general_section_6" showlabel="true" showbar="false" locklevel="0" id="{ae171a06-a865-99d1-20aa-3dc46aa63d3d}" IsUserDefined="0" layout="varwidth" columns="1" labelwidth="115" celllabelalignment="Left" celllabelposition="Left">
                          <labels>
                            <label description="オブジェクト検知" languagecode="1041" />
                          </labels>
                          <rows>
                            <row>
                              <cell id="{59996280-4b7d-0dec-ad55-459e7ba1a224}" showlabel="false" colspan="1" auto="false" rowspan="10">
                                <labels>
                                  <label description="Detector" languagecode="1041" />
                                </labels>
                                <control id="WebResource_Detector" classid="{9FDF5F91-88B1-47f4-AD53-C11EFC01A01D}">
                                  <parameters>
                                    <Url>new_/Detector/main.html</Url>
                                    <PassParameters>true</PassParameters>
                                    <ShowOnMobileClient>true</ShowOnMobileClient>
                                    <Security>false</Security>
                                    <Scrolling>auto</Scrolling>
                                    <Border>false</Border>
                                    <WebResourceId>{DA53EC22-007A-E811-A95C-000D3A518A4D}</WebResourceId>
                                  </parameters>
                                </control>
                                <events>
                                  <event name="onload" application="false">
                                    <dependencies />
                                  </event>
                                </events>
                              </cell>
                            </row>
                            <row />
                            <row />
                            <row />
                            <row />
                            <row />
                            <row />
                            <row />
                            <row />
                            <row />
                          </rows>
                        </section>
                        <section name="Details" showlabel="true" labelwidth="102" showbar="false" id="{09d03c8d-5a6b-4a94-b7d9-cfa1b5364015}" IsUserDefined="0" locklevel="0" celllabelposition="Left" labelid="{b77e3ea8-6ed6-42de-bee8-f48e2acd2452}">
                          <labels>
                            <label description="サポート案件の詳細" languagecode="1041" />
                          </labels>
                          <rows>
                            <row>
                              <cell id="{70cc3529-ab81-650b-3bd0-3147ba77667d}" showlabel="true" locklevel="0" labelid="{0ea9f74a-b990-4206-b0a8-3bb755fbafd0}">
                                <labels>
                                  <label description="" languagecode="1041" />
                                </labels>
                                <control id="title" classid="{4273EDBD-AC1D-40d3-9FB2-095C621B552D}" datafieldname="title" disabled="false" uniqueid="{2cbdb9b2-8e18-363a-488e-61c12c86d761}" />
                              </cell>
                            </row>
                            <row>
                              <cell id="{f28544c6-382e-4e29-a09c-3f2804012d04}" showlabel="true" locklevel="0" labelid="{47a41476-7c67-4b6f-92b2-1015738c8c96}">
                                <labels>
                                  <label description="ID" languagecode="1041" />
                                </labels>
                                <control id="ticketnumber" classid="{4273EDBD-AC1D-40d3-9FB2-095C621B552D}" datafieldname="ticketnumber" disabled="true" />
                              </cell>
                            </row>
                            <row>
                              <cell id="{b6f69544-6287-4b8a-b60c-3d66f1cac75d}" userspacer="0" labelid="{0356dd74-fd31-4460-ac0d-e986a0c40910}">
                                <labels>
                                  <label description="" languagecode="1041" />
                                </labels>
                                <control id="subjectid" classid="{270BD3DB-D9AF-4782-9025-509E298DEC0A}" datafieldname="subjectid" />
                              </cell>
                            </row>
                            <row>
                              <cell id="{b579ee22-ced2-44ed-0bb8-8290e9b23164}" showlabel="true" locklevel="0" labelid="{cf79dd6b-0125-4b09-8d80-f08e3612b2cd}">
                                <labels>
                                  <label description="" languagecode="1041" />
                                </labels>
                                <control id="customerid" classid="{270BD3DB-D9AF-4782-9025-509E298DEC0A}" datafieldname="customerid" disabled="false" />
                              </cell>
                            </row>
                            <row>
                              <cell id="{76d17ce6-ce11-da3c-aeee-e2886e506221}" showlabel="true" locklevel="0" labelid="{f1ececd8-a2a0-4685-9b90-a6a2d93a3cad}">
                                <labels>
                                  <label description="" languagecode="1041" />
                                </labels>
                                <control id="caseorigincode" classid="{3EF39988-22BB-4f0b-BBBE-64B5A3748AEE}" datafieldname="caseorigincode" disabled="false" />
                              </cell>
                            </row>
                            <row>
                              <cell id="{26940645-ec02-4f99-bbcf-c4cc33a2be4c}" showlabel="true" locklevel="0" labelid="{a0f1f9b0-a750-4b24-900a-c72d2863bb30}">
                                <labels>
                                  <label description="" languagecode="1041" />
                                </labels>
                                <events>
                                  <event name="onclick" application="true" active="true">
                                    <InternalHandlers>
                                      <Handler functionName="Mscrm.primarycontactid_onclick" libraryName="Service/Incident/Incident_main_system_library.js" handlerUniqueId="1834b3ac-a3ac-4fa8-ad50-25875ff100bb" enabled="true">
                                        <dependencies>
                                          <dependency id="customerid" />
                                        </dependencies>
                                      </Handler>
                                    </InternalHandlers>
                                  </event>
                                  <event name="setadditionalparams" application="true" active="true">
                                    <InternalHandlers>
                                      <Handler functionName="Mscrm.primarycontactid_setadditionalparams" libraryName="Service/Incident/Incident_main_system_library.js" handlerUniqueId="83d8ffab-20ef-4bc7-9706-62806ac6f36a" enabled="true" passExecutionContext="true">
                                        <dependencies>
                                          <dependency id="customerid" />
                                        </dependencies>
                                      </Handler>
                                    </InternalHandlers>
                                  </event>
                                </events>
                                <control id="primarycontactid" classid="{270BD3DB-D9AF-4782-9025-509E298DEC0A}" datafieldname="primarycontactid" disabled="false">
                                  <parameters>
                                    <IsInlineNewEnabled>false</IsInlineNewEnabled>
                                    <AllowFilterOff>true</AllowFilterOff>
                                  </parameters>
                                </control>
                              </cell>
                            </row>
                            <row>
                              <cell id="{959273e2-e600-3b18-6572-763b94414e67}" showlabel="true" locklevel="0" labelid="{b0ead837-8243-4ef2-bd47-4b8e06140ce5}">
                                <labels>
                                  <label description="" languagecode="1041" />
                                </labels>
                                <events>
                                  <event name="onclick" application="true" active="true">
                                    <InternalHandlers>
                                      <Handler functionName="Mscrm.entitlementid_onclick" libraryName="Service/Incident/Incident_main_system_library.js" handlerUniqueId="7ec5c88c-1333-4d0f-8743-18f1793bcf49" enabled="true">
                                        <dependencies>
                                          <dependency id="customerid" />
                                          <dependency id="productid" />
                                          <dependency id="primarycontactid" />
                                        </dependencies>
                                      </Handler>
                                    </InternalHandlers>
                                  </event>
                                  <event name="setadditionalparams" application="true" active="true">
                                    <InternalHandlers>
                                      <Handler functionName="Mscrm.entitlementid_setadditionalparams" libraryName="Service/Incident/Incident_main_system_library.js" handlerUniqueId="2c712050-5072-422b-b80c-108e3f479810" enabled="true" passExecutionContext="true">
                                        <dependencies>
                                          <dependency id="customerid" />
                                          <dependency id="productid" />
                                          <dependency id="primarycontactid" />
                                        </dependencies>
                                      </Handler>
                                    </InternalHandlers>
                                  </event>
                                </events>
                                <control id="entitlementid" classid="{270BD3DB-D9AF-4782-9025-509E298DEC0A}" datafieldname="entitlementid" disabled="false">
                                  <parameters>
                                    <DefaultViewId>{e7ea283b-0490-4956-939b-3325e0798fb8}</DefaultViewId>
                                    <DisableViewPicker>true</DisableViewPicker>
                                    <IsInlineNewEnabled>false</IsInlineNewEnabled>
                                    <AllowFilterOff>true</AllowFilterOff>
                                  </parameters>
                                </control>
                              </cell>
                            </row>
                            <row>
                              <cell id="{2973ce06-0486-461f-9381-48a174703d01}" labelid="{b1b9fb0e-a469-4fe9-ae33-69ab7b1d1e60}">
                                <labels>
                                  <label description="" languagecode="1041" />
                                </labels>
                                <control id="productid" classid="{270BD3DB-D9AF-4782-9025-509E298DEC0A}" datafieldname="productid">
                                  <parameters>
                                    <IsInlineNewEnabled>false</IsInlineNewEnabled>
                                    <DefaultViewId>{58afc3c5-8add-4552-98cb-473bc8f75619}</DefaultViewId>
                                  </parameters>
                                </control>
                              </cell>
                            </row>
                          </rows>
                        </section>
                        <section id="{2335806E-F713-402F-A9BD-6BEEEC6B8645}" columns="1" showlabel="true" showbar="false" IsUserDefined="0" locklevel="0" labelid="{e63714bd-41d8-4801-a7b5-d4491ef7bac6}">
                          <labels>
                            <label description="説明" languagecode="1041" />
                          </labels>
                          <rows>
                            <row>
                              <cell id="{2D8C61A2-7CFC-4DD8-A8AF-2CB82760E559}" showlabel="false" locklevel="0" rowspan="3" labelid="{7c20e839-3e94-4daf-88b3-dd43641b6f44}">
                                <labels>
                                  <label description="" languagecode="1041" />
                                </labels>
                                <control id="description" classid="{E0DECE4B-6FC8-4a8f-A065-082708572369}" datafieldname="description" disabled="false" />
                              </cell>
                            </row>
                            <row />
                            <row />
                          </rows>
                        </section>
                        <section name="Applicable SLA(STANDARD)" showlabel="true" labelwidth="102" showbar="false" id="{bb13b0a3-13ee-4f84-9172-c1d89622b421}" IsUserDefined="0" locklevel="0" celllabelposition="Left" visible="true" labelid="{1b456d6e-2618-4be0-bbd6-d7d647d2c9a7}">
                          <labels>
                            <label description="適用できる SLA" languagecode="1041" />
                          </labels>
                          <rows>
                            <row>
                              <cell id="{9ed95127-7c3c-9c3e-a424-07d8144a246d}" showlabel="true" locklevel="0" labelid="{a3041f0d-d2c4-46e7-b3e9-801ea29cc5c3}">
                                <labels>
                                  <label description="" languagecode="1041" />
                                </labels>
                                <control id="responseby" classid="{5B773807-9FB2-42db-97C3-7A91EFF8ADFF}" datafieldname="responseby" disabled="true" />
                              </cell>
                            </row>
                            <row>
                              <cell id="{573b6d21-4cc3-20c7-00c0-97160b24567a}" showlabel="true" locklevel="0" labelid="{02251542-f33c-459f-84cb-64c27bb67af0}">
                                <labels>
                                  <label description="" languagecode="1041" />
                                </labels>
                                <control id="resolveby" classid="{5B773807-9FB2-42db-97C3-7A91EFF8ADFF}" datafieldname="resolveby" disabled="true" />
                              </cell>
                            </row>
                          </rows>
                        </section>
                      </sections>
                    </column>
                    <column width="40%">
                      <sections>
                        <section name="TabsControl" showlabel="false" showbar="false" id="{052a7135-3315-4fd9-91b6-8355cef8bb09}" IsUserDefined="0" locklevel="0" labelid="{b9398a45-2e25-4905-ba6d-d6b011f1a4cd}">
                          <labels>
                            <label description="タブ コントロール" languagecode="1041" />
                          </labels>
                          <rows>
                            <row>
                              <cell id="{423a4d0c-b9d2-492f-b070-e446e4ea16c7}" colspan="2" rowspan="25" showlabel="false" locklevel="0" labelid="{7ed7d1fb-d1bc-46db-a312-555fd563d610}">
                                <labels>
                                  <label description="会話タブ" languagecode="1041" />
                                </labels>
                                <control id="notescontrol" classid="{06375649-C143-495E-A496-C962E5B4488E}" disabled="false">
                                  <parameters>
                                    <ShowArticleTab>true</ShowArticleTab>
                                    <FilterResults>0</FilterResults>
                                    <AllowChangingFiltersOnUI>true</AllowChangingFiltersOnUI>
                                    <ShowLanguageFilter>false</ShowLanguageFilter>
                                    <ShowDepartmentFilter>false</ShowDepartmentFilter>
                                    <EnableAutoSuggestions>true</EnableAutoSuggestions>
                                    <SearchForAutoSuggestionsUsing>title</SearchForAutoSuggestionsUsing>
                                    <NumberOfResults>10</NumberOfResults>
                                    <ShowContextualActions>ShowAll</ShowContextualActions>
                                    <SelectPrimaryCustomer>customerid</SelectPrimaryCustomer>
                                  </parameters>
                                </control>
                              </cell>
                            </row>
                            <row />
                            <row />
                            <row />
                            <row />
                            <row />
                            <row />
                            <row />
                            <row />
                            <row />
                            <row />
                            <row />
                            <row />
                            <row />
                            <row />
                            <row />
                            <row />
                            <row />
                            <row />
                            <row />
                            <row />
                            <row />
                            <row />
                            <row />
                            <row />
                          </rows>
                        </section>
                      </sections>
                    </column>
                    <column width="30%">
                      <sections>
                        <section name="Customer" showlabel="false" labelwidth="90" showbar="false" id="{e493f95f-d913-4063-a929-e86a5d7b01a5}" IsUserDefined="0" locklevel="0" labelid="{7237f7c7-0a9f-4e8e-9c57-103980d7f0a4}">
                          <labels>
                            <label description="顧客の詳細" languagecode="1041" />
                          </labels>
                          <rows>
                            <row>
                              <cell id="{eafbc418-2de0-485f-9f9a-590f97e0389d}" colspan="2" showlabel="false" locklevel="1" labelid="{6aa07d40-ad6d-4d1f-af89-f8c9c68e2d0c}">
                                <labels>
                                  <label description="" languagecode="1041" />
                                </labels>
                                <control id="customerpane_qfc" classid="{5C5600E0-1D6E-4205-A272-BE80DA87FD42}" datafieldname="customerid" disabled="false">
                                  <parameters>
                                    <QuickForms>&lt;QuickFormIds&gt;&lt;QuickFormId entityname="contact"&gt;707FC57B-C5E6-471B-A180-E37ED28A38E2&lt;/QuickFormId&gt;&lt;QuickFormId entityname="account"&gt;B028DB32-3619-48A5-AC51-CF3F947B0EF3&lt;/QuickFormId&gt;&lt;/QuickFormIds&gt;</QuickForms>
                                    <ControlMode>Edit</ControlMode>
                                  </parameters>
                                </control>
                              </cell>
                            </row>
                          </rows>
                        </section>
                      </sections>
                    </column>
                  </columns>
                </tab>
                <tab name="CASERELATIONSHIP_TAB" id="{820e1ad0-5b40-4d15-9746-32f10735edde}" IsUserDefined="0" showlabel="true" expanded="false" labelid="{bc5918ac-b99a-4936-bfb1-c525cbc8e151}">
                  <labels>
                    <label description="サポート案件リレーションシップ" languagecode="1041" />
                  </labels>
                  <columns>
                    <column width="34%">
                      <sections>
                        <section name="Solutions" showlabel="false" showbar="false" id="{d2609a6b-8ee5-4731-9895-97c00b502e7c}" IsUserDefined="0" layout="varwidth" labelwidth="102" celllabelposition="Left" labelid="{9e289de6-11b2-4c99-8983-61e2498b7392}">
                          <labels>
                            <label description="" languagecode="1041" />
                          </labels>
                          <rows>
                            <row>
                              <cell id="{75bc5581-dde6-d9e8-a877-5a28e96246ee}" showlabel="true" colspan="1" auto="false" rowspan="7" labelid="{4853122c-e9f1-4f01-a600-facba9b9497c}">
                                <labels>
                                  <label description="類似サポート案件" languagecode="1041" />
                                </labels>
                                <control id="RelatedSolutionGrid" classid="{E7A81278-8635-4d9e-8D4D-59480B391C5B}">
                                  <parameters>
                                    <ViewId>{23FB1036-E41D-4D75-8AA7-27569B5B6512}</ViewId>
                                    <RelationshipName>incident_connections1</RelationshipName>
                                    <TargetEntityType>connection</TargetEntityType>
                                    <AutoExpand>Auto</AutoExpand>
                                    <EnableQuickFind>false</EnableQuickFind>
                                    <EnableViewPicker>false</EnableViewPicker>
                                    <EnableJumpBar>false</EnableJumpBar>
                                    <ChartGridMode>Grid</ChartGridMode>
                                    <EnableChartPicker>false</EnableChartPicker>
                                    <RecordsPerPage>5</RecordsPerPage>
                                    <EnableContextualActions>true</EnableContextualActions>
                                  </parameters>
                                </control>
                              </cell>
                            </row>
                            <row />
                            <row />
                            <row />
                            <row />
                            <row />
                            <row />
                          </rows>
                        </section>
                        <section name="Research" showlabel="false" showbar="false" id="{e6031605-b0d3-42e6-a666-ae358e9e0a0e}" IsUserDefined="0" layout="varwidth" labelwidth="102" celllabelposition="Left" visible="false" labelid="{3df122d1-96bd-4e98-84c8-1ae371616ce4}">
                          <labels>
                            <label description="調査" languagecode="1041" />
                          </labels>
                          <rows>
                            <row>
                              <cell id="{a5be55d1-d0e1-d9e8-a877-5a28e00006ee}" showlabel="false" colspan="1" auto="false" rowspan="1" locklevel="1" labelid="{de4c7089-b78c-48ab-81b6-8542994bf31b}">
                                <labels>
                                  <label description="" languagecode="1041" />
                                </labels>
                                <control id="CaseResearch_LinkControl" classid="{DFDF1CDE-837B-4AC9-98CF-AC74361FD89D}">
                                  <parameters>
                                    <LinkControlDefinitionId>{0F337699-D595-48D9-B733-6479E5F5EB07}</LinkControlDefinitionId>
                                    <ShowLinkControlLabel>false</ShowLinkControlLabel>
                                  </parameters>
                                </control>
                              </cell>
                            </row>
                          </rows>
                        </section>
                      </sections>
                    </column>
                    <column width="33%">
                      <sections>
                        <section name="MergedCases" showlabel="false" showbar="false" id="{f344f3e4-c7c1-43ff-8514-6405d7b8fa35}" IsUserDefined="0" layout="varwidth" labelwidth="102" celllabelposition="Left" labelid="{3c2875dc-97cf-4deb-89f1-3755a6a77af1}">
                          <labels>
                            <label description="" languagecode="1041" />
                          </labels>
                          <rows>
                            <row>
                              <cell id="{db20c8bd-b402-4323-83ac-514921ab7ca5}" showlabel="true" colspan="1" auto="false" rowspan="7" labelid="{f2955e24-8786-4d17-a7f3-3a7f69c67f69}">
                                <labels>
                                  <label description="統合されたサポート案件" languagecode="1041" />
                                </labels>
                                <control id="MergedCasesGrid" classid="{E7A81278-8635-4d9e-8D4D-59480B391C5B}">
                                  <parameters>
                                    <ViewId>{72210bbb-d9d5-42df-8efd-39395a3cd7a7}</ViewId>
                                    <RelationshipName>incident_master_incident</RelationshipName>
                                    <TargetEntityType>incident</TargetEntityType>
                                    <AutoExpand>Auto</AutoExpand>
                                    <EnableQuickFind>false</EnableQuickFind>
                                    <EnableViewPicker>false</EnableViewPicker>
                                    <EnableJumpBar>false</EnableJumpBar>
                                    <ChartGridMode>Grid</ChartGridMode>
                                    <EnableChartPicker>false</EnableChartPicker>
                                    <RecordsPerPage>5</RecordsPerPage>
                                    <EnableContextualActions>false</EnableContextualActions>
                                  </parameters>
                                </control>
                              </cell>
                            </row>
                            <row />
                            <row />
                            <row />
                            <row />
                            <row />
                            <row />
                          </rows>
                        </section>
                      </sections>
                    </column>
                    <column width="33%">
                      <sections>
                        <section name="ChildCases" showlabel="false" showbar="false" id="{b1f997ea-9b7b-4a2d-9a33-eb3cb14e08f7}" IsUserDefined="0" layout="varwidth" labelwidth="102" celllabelposition="Left" labelid="{2ab99ada-c978-4968-a581-32fd59b127f0}">
                          <labels>
                            <label description="" languagecode="1041" />
                          </labels>
                          <rows>
                            <row>
                              <cell id="{363a5e29-8bfe-492f-8a8f-d0e1c114f2f9}" showlabel="true" colspan="1" auto="false" rowspan="7" labelid="{06f490d7-19f8-4530-9249-dc71d5edaa82}">
                                <labels>
                                  <label description="子サポート案件" languagecode="1041" />
                                </labels>
                                <control id="ChildCasesGrid" classid="{E7A81278-8635-4d9e-8D4D-59480B391C5B}">
                                  <parameters>
                                    <ViewId>{72210bbb-d9d5-42df-8efd-39395a3cd7a7}</ViewId>
                                    <RelationshipName>incident_parent_incident</RelationshipName>
                                    <TargetEntityType>incident</TargetEntityType>
                                    <AutoExpand>Auto</AutoExpand>
                                    <EnableQuickFind>false</EnableQuickFind>
                                    <EnableViewPicker>false</EnableViewPicker>
                                    <EnableJumpBar>false</EnableJumpBar>
                                    <ChartGridMode>Grid</ChartGridMode>
                                    <EnableChartPicker>false</EnableChartPicker>
                                    <RecordsPerPage>5</RecordsPerPage>
                                    <EnableContextualActions>true</EnableContextualActions>
                                  </parameters>
                                </control>
                              </cell>
                            </row>
                            <row />
                            <row />
                            <row />
                            <row />
                            <row />
                            <row />
                          </rows>
                        </section>
                      </sections>
                    </column>
                  </columns>
                </tab>
                <tab name="KBARTICLE_TAB" id="{6539ac26-1798-4e6a-af34-c98a254b2b5f}" IsUserDefined="0" showlabel="true" expanded="false" labelid="{20f04267-6ada-4b23-9e69-877edbc77c14}">
                  <labels>
                    <label description="記事と契約情報" languagecode="1041" />
                  </labels>
                  <columns>
                    <column width="50%">
                      <sections>
                        <section name="kb article" labelwidth="160" showlabel="true" showbar="true" locklevel="1" id="{9404c284-21bf-4194-a6d7-cdc9291b9f19}" IsUserDefined="0" labelid="{3d3aaf55-ee24-4bce-8b0b-408aaa0f5743}">
                          <labels>
                            <label description="記事" languagecode="1041" />
                          </labels>
                          <rows>
                            <row>
                              <cell colspan="2" id="{44424fb9-0507-4f9f-b42f-3d76f7c4d30d}" labelid="{eda63dd9-b873-43e8-af52-17a723d1ce5e}">
                                <labels>
                                  <label description="" languagecode="1041" />
                                </labels>
                                <events>
                                  <event name="onshowdialog" application="true" active="true">
                                    <InternalHandlers>
                                      <Handler functionName="Mscrm.kbarticleid_onshowdialog" libraryName="Service/Incident/Incident_main_system_library.js" handlerUniqueId="dd2e17cf-80ec-4539-9776-c75ff6c5ad16" enabled="true" passExecutionContext="true" />
                                    </InternalHandlers>
                                  </event>
                                </events>
                                <control id="kbarticleid" classid="{270BD3DB-D9AF-4782-9025-509E298DEC0A}" datafieldname="kbarticleid" />
                              </cell>
                            </row>
                            <row>
                              <cell colspan="2" showlabel="false" rowspan="3" id="{e8536a7b-ab85-42bf-a772-ef53b8854268}" labelid="{37bf0ad0-0f17-4283-b1af-3bd77feb4026}">
                                <labels>
                                  <label description="サポート情報ビューアー" languagecode="1041" />
                                </labels>
                                <control id="kbviewer" classid="{a62b6fa9-169e-406c-b1aa-eab828cb6026}" />
                              </cell>
                            </row>
                            <row />
                            <row />
                          </rows>
                        </section>
                      </sections>
                    </column>
                    <column width="50%">
                      <sections>
                        <section name="contract and product information" showlabel="true" showbar="true" id="{4f1cbb62-1166-4db3-a0d7-1844cea74945}" IsUserDefined="0" locklevel="0" labelid="{4b211e08-1dfe-4fff-95a0-0aecd99ef78f}">
                          <labels>
                            <label description="契約" languagecode="1041" />
                          </labels>
                          <rows>
                            <row>
                              <cell id="{e41a12bc-599d-46be-85ca-e2c681350078}" labelid="{d1ed38f7-63cf-4df7-a558-8e0e49388f43}">
                                <labels>
                                  <label description="" languagecode="1041" />
                                </labels>
                                <events>
                                  <event name="onclick" application="true" active="true">
                                    <InternalHandlers>
                                      <Handler functionName="Mscrm.contractid_onclick" libraryName="Service/Incident/Incident_main_system_library.js" handlerUniqueId="cb1cce9a-6ca5-4474-8817-b60c6af43f1d" enabled="true">
                                        <dependencies>
                                          <dependency id="customerid" />
                                        </dependencies>
                                      </Handler>
                                    </InternalHandlers>
                                  </event>
                                  <event name="setadditionalparams" application="true" active="true">
                                    <InternalHandlers>
                                      <Handler functionName="Mscrm.contractid_setadditionalparams" libraryName="Service/Incident/Incident_main_system_library.js" handlerUniqueId="eebc0919-9ffa-4a7b-9b25-b2763a35ded1" enabled="true" passExecutionContext="true">
                                        <dependencies>
                                          <dependency id="customerid" />
                                        </dependencies>
                                      </Handler>
                                    </InternalHandlers>
                                  </event>
                                </events>
                                <control id="contractid" classid="{270BD3DB-D9AF-4782-9025-509E298DEC0A}" datafieldname="contractid">
                                  <parameters>
                                    <IsInlineNewEnabled>false</IsInlineNewEnabled>
                                    <DefaultViewId>{646DE3EE-EBFB-4d19-8A44-4A619505E188}</DefaultViewId>
                                  </parameters>
                                </control>
                              </cell>
                            </row>
                            <row>
                              <cell id="{a0d5255c-e331-4297-a8f8-805e03921086}" labelid="{58e0cfe4-69be-4995-add4-b35605095f8e}">
                                <labels>
                                  <label description="" languagecode="1041" />
                                </labels>
                                <events>
                                  <event name="onclick" application="true" active="true">
                                    <InternalHandlers>
                                      <Handler functionName="Mscrm.contractdetailid_onclick" libraryName="Service/Incident/Incident_main_system_library.js" handlerUniqueId="069c3411-c466-496c-ab3e-15dc59afa9a1" enabled="true">
                                        <dependencies>
                                          <dependency id="contractid" />
                                        </dependencies>
                                      </Handler>
                                    </InternalHandlers>
                                  </event>
                                </events>
                                <control id="contractdetailid" classid="{270BD3DB-D9AF-4782-9025-509E298DEC0A}" datafieldname="contractdetailid">
                                  <parameters>
                                    <FilterRelationshipName>contract_line_items</FilterRelationshipName>
                                    <DependentAttributeName>incident.contractid</DependentAttributeName>
                                    <DependentAttributeType>contract</DependentAttributeType>
                                    <DefaultViewId>{8FA2705C-7E4C-4c0e-B611-4593B35A4C9E}</DefaultViewId>
                                    <IsInlineNewEnabled>false</IsInlineNewEnabled>
                                    <AllowFilterOff>true</AllowFilterOff>
                                  </parameters>
                                </control>
                              </cell>
                            </row>
                            <row>
                              <cell auto="false" showlabel="true" locklevel="0" rowspan="1" id="{7d716e7b-bccd-4984-afce-02c47a9753c4}" labelid="{431db2b4-089a-473b-881d-822deb588b2e}">
                                <labels>
                                  <label description="" languagecode="1041" />
                                </labels>
                                <control id="productserialnumber" classid="{4273EDBD-AC1D-40d3-9FB2-095C621B552D}" datafieldname="productserialnumber" disabled="false" />
                              </cell>
                            </row>
                            <row>
                              <cell auto="false" showlabel="true" locklevel="0" rowspan="1" colspan="1" id="{b5aed07b-ae04-485a-a45a-17b5261fa8a7}" labelid="{104520f1-8a13-4edd-a75b-36447e4d0e4f}">
                                <labels>
                                  <label description="" languagecode="1041" />
                                </labels>
                                <control id="contractservicelevelcode" classid="{3EF39988-22BB-4f0b-BBBE-64B5A3748AEE}" datafieldname="contractservicelevelcode" disabled="false" />
                              </cell>
                            </row>
                          </rows>
                        </section>
                      </sections>
                    </column>
                  </columns>
                </tab>
              </tabs>
              <header id="{CF9CD80E-17E4-438D-9705-5575B9BDF2D1}" celllabelposition="Top" columns="1111" labelwidth="115">
                <rows>
                  <row>
                    <cell id="{58a799a6-a483-30da-d32d-12c15ba0daa0}" showlabel="true" labelid="{66bb5f56-3f93-4eab-8fde-15e9ad83ad42}">
                      <labels>
                        <label description="" languagecode="1041" />
                      </labels>
                      <control id="header_prioritycode" classid="{3EF39988-22BB-4f0b-BBBE-64B5A3748AEE}" datafieldname="prioritycode" disabled="false" />
                    </cell>
                    <cell id="{67c9b29b-c1b2-aa8e-6b95-5d295b76e224}" showlabel="true" labelid="{08a4a4de-1da4-4154-b599-4e3f97a5a3a1}">
                      <labels>
                        <label description="" languagecode="1041" />
                      </labels>
                      <control id="header_createdon" classid="{5B773807-9FB2-42db-97C3-7A91EFF8ADFF}" datafieldname="createdon" disabled="true" />
                    </cell>
                    <cell id="{53dd311c-6ec7-4cde-b299-d39fe21c3dcf}" labelid="{1b1a2939-e746-48f5-899e-c5a8372e00e4}">
                      <labels>
                        <label description="状態" languagecode="1041" />
                      </labels>
                      <control id="header_statuscode" classid="{5D68B988-0661-4db2-BC3E-17598AD3BE6C}" datafieldname="statuscode" disabled="false" />
                    </cell>
                    <cell id="{d2c3b79d-4172-4f15-aa40-e69aa7bd2ab6}" labelid="{12bc6596-fd0e-4626-8ab4-d6a5d359fc0b}">
                      <labels>
                        <label description="" languagecode="1041" />
                      </labels>
                      <control id="header_ownerid" classid="{270BD3DB-D9AF-4782-9025-509E298DEC0A}" datafieldname="ownerid" disabled="false" />
                    </cell>
                  </row>
                </rows>
              </header>
              <events>
                <event name="onload" application="true" active="true">
                  <InternalHandlers>
                    <Handler functionName="Mscrm.Form_onload" libraryName="Service/Incident/Incident_main_system_library.js" handlerUniqueId="76e18454-eeba-47c3-8a9d-6d701c77fbcc" enabled="true">
                      <dependencies>
                        <dependency id="contractid" />
                        <dependency id="contractdetailid" />
                      </dependencies>
                    </Handler>
                  </InternalHandlers>
                  <Handlers>
                    <Handler functionName="FS.Incident.Library.Load" libraryName="msdyn_/Case/Case.Library.js" handlerUniqueId="{ce190b7b-5e43-7367-cb16-3770da0b2436}" enabled="true" parameters="" passExecutionContext="false" />
                  </Handlers>
                </event>
                <event name="onchange" application="true" active="true" attribute="customerid">
                  <InternalHandlers>
                    <Handler functionName="Mscrm.customerid_onchange" libraryName="Service/Incident/Incident_main_system_library.js" handlerUniqueId="5349bfe7-817f-4c54-ae0f-f65df037361b" enabled="true">
                      <dependencies>
                        <dependency id="contractid" />
                        <dependency id="contractdetailid" />
                      </dependencies>
                    </Handler>
                  </InternalHandlers>
                </event>
                <event name="onchange" application="true" active="true" attribute="contractid">
                  <InternalHandlers>
                    <Handler functionName="Mscrm.contractid_onchange" libraryName="Service/Incident/Incident_main_system_library.js" handlerUniqueId="1ff26f3d-f9f4-470b-a379-bc74ce466a53" enabled="true">
                      <dependencies>
                        <dependency id="contractdetailid" />
                      </dependencies>
                    </Handler>
                  </InternalHandlers>
                </event>
                <event name="onchange" application="true" active="true" attribute="contractdetailid">
                  <InternalHandlers>
                    <Handler functionName="Mscrm.contractdetailid_onchange" libraryName="Service/Incident/Incident_main_system_library.js" handlerUniqueId="fde679b3-af20-4b24-ab99-13f7de54fbb1" enabled="true">
                      <dependencies>
                        <dependency id="contractid" />
                      </dependencies>
                    </Handler>
                  </InternalHandlers>
                </event>
                <event name="onchange" application="true" active="true" attribute="kbarticleid">
                  <InternalHandlers>
                    <Handler functionName="Mscrm.kbarticleid_onchange" libraryName="Service/Incident/Incident_main_system_library.js" handlerUniqueId="1d4f95de-79c3-44e4-a782-469a8fc6132d" enabled="true" />
                  </InternalHandlers>
                </event>
              </events>
              <clientresources>
                <internalresources>
                  <clientincludes>
                    <internaljscriptfile src="$webresource:Service/Incident/Incident_main_system_library.js" />
                    <internalcssfile src="/_tree/tree.css.aspx" />
                  </clientincludes>
                  <clientvariables>
                    <internaljscriptvariable name="LOCID_ERROR_MISSING_CUSTOMER" resourceid="Web.cs.cases.edit.MissingCustomer" />
                  </clientvariables>
                </internalresources>
              </clientresources>
              <Navigation>
                <NavBar>
                  <NavBarByRelationshipItem RelationshipName="Incident_ActivityPointers" Id="navActivities" Icon="/_imgs/ico_18_act.gif" Sequence="10" Area="Info">
                    <Privileges>
                      <Privilege Entity="" Privilege="ReadActivity" />
                    </Privileges>
                    <Titles>
                      <Title LCID="1033" Text="Activities" />
                      <Title LCID="1025" Text="الأنشطة" />
                      <Title LCID="1026" Text="Дейности" />
                      <Title LCID="1027" Text="Activitats" />
                      <Title LCID="1029" Text="Aktivity" />
                      <Title LCID="1030" Text="Aktiviteter" />
                      <Title LCID="1031" Text="Aktivitäten" />
                      <Title LCID="1032" Text="Δραστηριότητες" />
                      <Title LCID="3082" Text="Actividades" />
                      <Title LCID="1061" Text="Tegevused" />
                      <Title LCID="1069" Text="Jarduerak" />
                      <Title LCID="1035" Text="Aktiviteetit" />
                      <Title LCID="1036" Text="Activités" />
                      <Title LCID="1110" Text="Actividades" />
                      <Title LCID="1037" Text="פעילויות" />
                      <Title LCID="1081" Text="गतिविधियाँ" />
                      <Title LCID="1050" Text="Aktivnosti" />
                      <Title LCID="1038" Text="Tevékenységek" />
                      <Title LCID="1057" Text="Aktivitas" />
                      <Title LCID="1040" Text="Impegni" />
                      <Title LCID="1041" Text="活動" />
                      <Title LCID="1087" Text="Әрекеттер" />
                      <Title LCID="1042" Text="활동" />
                      <Title LCID="1063" Text="Veiklos" />
                      <Title LCID="1062" Text="Darbības" />
                      <Title LCID="1086" Text="Aktiviti" />
                      <Title LCID="1044" Text="Aktiviteter" />
                      <Title LCID="1043" Text="Activiteiten" />
                      <Title LCID="1045" Text="Działania" />
                      <Title LCID="1046" Text="Atividades" />
                      <Title LCID="2070" Text="Atividades" />
                      <Title LCID="1048" Text="Activități" />
                      <Title LCID="1049" Text="Действия" />
                      <Title LCID="1051" Text="Aktivity" />
                      <Title LCID="1060" Text="Dejavnosti" />
                      <Title LCID="3098" Text="Активности" />
                      <Title LCID="2074" Text="Aktivnosti" />
                      <Title LCID="1053" Text="Aktiviteter" />
                      <Title LCID="1054" Text="กิจกรรม" />
                      <Title LCID="1055" Text="Etkinlikler" />
                      <Title LCID="1058" Text="Справи" />
                      <Title LCID="1066" Text="Hoạt động" />
                      <Title LCID="2052" Text="活动" />
                      <Title LCID="3076" Text="活動" />
                      <Title LCID="1028" Text="活動" />
                    </Titles>
                  </NavBarByRelationshipItem>
                  <NavBarByRelationshipItem RelationshipName="Incident_ActivityPointers" Id="navActivityHistory" TitleResourceId="Tab_Label_History" Icon="/_imgs/ico_18_history.gif" ViewId="21E2B905-6FDB-470d-8517-AD69B4C01268" Sequence="20" Area="Info">
                    <Privileges>
                      <Privilege Entity="" Privilege="ReadActivity" />
                    </Privileges>
                    <Titles>
                      <Title LCID="1033" Text="Closed Activities" />
                      <Title LCID="1025" Text="الأنشطة المغلقة" />
                      <Title LCID="1026" Text="Затворени дейности" />
                      <Title LCID="1027" Text="Activitats tancades" />
                      <Title LCID="1029" Text="Uzavřené aktivity" />
                      <Title LCID="1030" Text="Lukkede aktiviteter" />
                      <Title LCID="1031" Text="Geschlossene Aktivitäten" />
                      <Title LCID="1032" Text="Κλειστές δραστηριότητες" />
                      <Title LCID="3082" Text="Actividades cerradas" />
                      <Title LCID="1061" Text="Suletud tegevused" />
                      <Title LCID="1069" Text="Itxitako jarduerak" />
                      <Title LCID="1035" Text="Suljetut aktiviteetit" />
                      <Title LCID="1036" Text="Activités fermées" />
                      <Title LCID="1110" Text="Actividades pechadas" />
                      <Title LCID="1037" Text="פעילויות סגורות" />
                      <Title LCID="1081" Text="बंद गतिविधियाँ" />
                      <Title LCID="1050" Text="Zatvorene aktivnosti" />
                      <Title LCID="1038" Text="Lezárt tevékenységek" />
                      <Title LCID="1057" Text="Aktivitas Tertutup" />
                      <Title LCID="1040" Text="Impegni chiusi" />
                      <Title LCID="1041" Text="クローズした活動" />
                      <Title LCID="1087" Text="Жабық әрекеттер" />
                      <Title LCID="1042" Text="종료된 활동" />
                      <Title LCID="1063" Text="Uždarytos veiklos" />
                      <Title LCID="1062" Text="Slēgtās darbības" />
                      <Title LCID="1086" Text="Aktiviti Tertutup" />
                      <Title LCID="1044" Text="Lukkede aktiviteter" />
                      <Title LCID="1043" Text="Gesloten activiteiten" />
                      <Title LCID="1045" Text="Zamknięte działania" />
                      <Title LCID="1046" Text="Atividades Fechadas" />
                      <Title LCID="2070" Text="Atividades Fechadas" />
                      <Title LCID="1048" Text="Activități închise" />
                      <Title LCID="1049" Text="Закрытые действия" />
                      <Title LCID="1051" Text="Uzavreté aktivity" />
                      <Title LCID="1060" Text="Zaprte dejavnosti" />
                      <Title LCID="3098" Text="Затворене активности" />
                      <Title LCID="2074" Text="Zatvorene aktivnosti" />
                      <Title LCID="1053" Text="Stängda aktiviteter" />
                      <Title LCID="1054" Text="กิจกรรมที่ปิด" />
                      <Title LCID="1055" Text="Kapalı Etkinlikler" />
                      <Title LCID="1058" Text="Закриті справи" />
                      <Title LCID="1066" Text="Hoạt động đã đóng" />
                      <Title LCID="2052" Text="已结束的活动" />
                      <Title LCID="3076" Text="已關閉的活動" />
                      <Title LCID="1028" Text="已關閉的活動" />
                    </Titles>
                  </NavBarByRelationshipItem>
                  <NavBarByRelationshipItem Icon="$webresource:msdyn_/Icons/Sitemap/WorkOrder_32.png" RelationshipName="msdyn_incident_msdyn_workorder_ServiceRequest" Sequence="1000" Client="Web" Area="Service" Id="nav_msdyn_incident_msdyn_workorder_ServiceRequest">
                    <Titles>
                      <Title LCID="1033" Text="Work Orders" />
                      <Title LCID="1025" Text="أوامر العمل" />
                      <Title LCID="1026" Text="Работни поръчки" />
                      <Title LCID="1027" Text="Ordres de treball" />
                      <Title LCID="1029" Text="Pracovní příkazy" />
                      <Title LCID="1030" Text="Arbejdsordrer" />
                      <Title LCID="1031" Text="Arbeitsaufträge" />
                      <Title LCID="1032" Text="Παραγγελίες εργασίας" />
                      <Title LCID="3082" Text="Órdenes de trabajo" />
                      <Title LCID="1061" Text="Töökorraldused" />
                      <Title LCID="1069" Text="Lan-eskaerak" />
                      <Title LCID="1035" Text="Työtilaukset" />
                      <Title LCID="1036" Text="Ordres de travail" />
                      <Title LCID="1110" Text="Pedidos de traballo" />
                      <Title LCID="1037" Text="הזמנות עבודה" />
                      <Title LCID="1081" Text="कार्य ऑर्डर" />
                      <Title LCID="1050" Text="Radni nalozi" />
                      <Title LCID="1038" Text="Munkarendelések" />
                      <Title LCID="1057" Text="Perintah Kerja" />
                      <Title LCID="1040" Text="Ordini di lavoro" />
                      <Title LCID="1041" Text="作業指示書" />
                      <Title LCID="1087" Text="Жұмысқа тапсырыстар" />
                      <Title LCID="1042" Text="작업 주문" />
                      <Title LCID="1063" Text="Darbo užsakymai" />
                      <Title LCID="1062" Text="Darba pasūtījumi" />
                      <Title LCID="1086" Text="Pesanan Kerja" />
                      <Title LCID="1044" Text="Arbeidsordrer" />
                      <Title LCID="1043" Text="Werkorders" />
                      <Title LCID="1045" Text="Zlecenia pracy" />
                      <Title LCID="1046" Text="Ordens de Serviço" />
                      <Title LCID="2070" Text="Ordens de Intervenção" />
                      <Title LCID="1048" Text="Comenzi de lucru" />
                      <Title LCID="1049" Text="Заказы на работу" />
                      <Title LCID="1051" Text="Objednávky prác" />
                      <Title LCID="1060" Text="Delovni nalogi" />
                      <Title LCID="3098" Text="Радни налози" />
                      <Title LCID="2074" Text="Radni nalozi" />
                      <Title LCID="1053" Text="Arbetsorder" />
                      <Title LCID="1054" Text="ใบสั่งงาน" />
                      <Title LCID="1055" Text="İş Emirleri" />
                      <Title LCID="1058" Text="Наряди-замовлення" />
                      <Title LCID="1066" Text="Lệnh Sản xuất" />
                      <Title LCID="2052" Text="工作订单" />
                      <Title LCID="3076" Text="工單" />
                      <Title LCID="1028" Text="工單" />
                    </Titles>
                  </NavBarByRelationshipItem>
                  <NavBarByRelationshipItem RelationshipName="hardcoded_{B7196B13-6B9D-42CD-BD58-B19A3953126F}navProcessSessions" Sequence="9700" Area="ProcessCenter" Id="navProcessSessions">
                    <Titles>
                      <Title LCID="1033" Text="Real Time Processes" />
                      <Title LCID="1025" Text="عمليات في الوقت الحقيقي" />
                      <Title LCID="1026" Text="Процеси в реално време" />
                      <Title LCID="1027" Text="Processos en temps real" />
                      <Title LCID="1029" Text="Procesy v reálném čase" />
                      <Title LCID="1030" Text="Processer i realtid" />
                      <Title LCID="1031" Text="Echtzeitprozesse" />
                      <Title LCID="1032" Text="Διαδικασίες πραγματικού χρόνου" />
                      <Title LCID="3082" Text="Procesos en tiempo real" />
                      <Title LCID="1061" Text="Reaalajalised protsessid" />
                      <Title LCID="1069" Text="Denbora errealeko prozesuak" />
                      <Title LCID="1035" Text="Reaaliaikaiset prosessit" />
                      <Title LCID="1036" Text="Processus en temps réel" />
                      <Title LCID="1110" Text="Procesos en tempo real" />
                      <Title LCID="1037" Text="תהליכים בזמן אמת" />
                      <Title LCID="1081" Text="रीयल-टाइम प्रक्रियाएँ" />
                      <Title LCID="1050" Text="Procesi u stvarnom vremenu" />
                      <Title LCID="1038" Text="Valós idejű folyamatok" />
                      <Title LCID="1057" Text="Proses Real-Time" />
                      <Title LCID="1040" Text="Processi in tempo reale" />
                      <Title LCID="1041" Text="リアルタイム プロセス" />
                      <Title LCID="1087" Text="Ағымдағы уақыттағы процестер" />
                      <Title LCID="1042" Text="실시간 프로세스" />
                      <Title LCID="1063" Text="Procesai tikruoju laiku" />
                      <Title LCID="1062" Text="Reāllaika procesi" />
                      <Title LCID="1086" Text="Proses Masa Nyata" />
                      <Title LCID="1044" Text="Sanntidsprosesser" />
                      <Title LCID="1043" Text="Realtime-processen" />
                      <Title LCID="1045" Text="Procesy w czasie rzeczywistym" />
                      <Title LCID="1046" Text="Processos em Tempo Real" />
                      <Title LCID="2070" Text="Processos em Tempo Real" />
                      <Title LCID="1048" Text="Procese în timp real" />
                      <Title LCID="1049" Text="Процессы в реальном времени" />
                      <Title LCID="1051" Text="Procesy v reálnom čase" />
                      <Title LCID="1060" Text="Procesi v realnem času" />
                      <Title LCID="3098" Text="Процеси у реалном времену" />
                      <Title LCID="2074" Text="Procesi u realnom vremenu" />
                      <Title LCID="1053" Text="Realtidsprocesser" />
                      <Title LCID="1054" Text="กระบวนการในเวลาจริง" />
                      <Title LCID="1055" Text="Gerçek Zamanlı İşlemler" />
                      <Title LCID="1058" Text="Процеси в режимі реального часу" />
                      <Title LCID="1066" Text="Quy trình trong Thời gian Thực" />
                      <Title LCID="2052" Text="实时流程" />
                      <Title LCID="3076" Text="即時程序" />
                      <Title LCID="1028" Text="即時程序" />
                    </Titles>
                  </NavBarByRelationshipItem>
                </NavBar>
                <NavBarAreas>
                  <NavBarArea Id="Info">
                    <Titles>
                      <Title LCID="1033" Text="Common" />
                      <Title LCID="1025" Text="عامة" />
                      <Title LCID="1026" Text="Общи" />
                      <Title LCID="1027" Text="Comú" />
                      <Title LCID="1029" Text="Společné" />
                      <Title LCID="1030" Text="Almindelig" />
                      <Title LCID="1031" Text="Allgemein" />
                      <Title LCID="1032" Text="Κοινά" />
                      <Title LCID="3082" Text="Común" />
                      <Title LCID="1061" Text="Ühine" />
                      <Title LCID="1069" Text="Ohikoak" />
                      <Title LCID="1035" Text="Yhteiset" />
                      <Title LCID="1036" Text="Éléments communs" />
                      <Title LCID="1110" Text="Común" />
                      <Title LCID="1037" Text="פריטים נפוצים" />
                      <Title LCID="1081" Text="सामान्य" />
                      <Title LCID="1050" Text="Uobičajeno" />
                      <Title LCID="1038" Text="Általános" />
                      <Title LCID="1057" Text="Umum" />
                      <Title LCID="1040" Text="Elementi comuni" />
                      <Title LCID="1041" Text="共通" />
                      <Title LCID="1087" Text="Жалпы" />
                      <Title LCID="1042" Text="일반" />
                      <Title LCID="1063" Text="Įprasta" />
                      <Title LCID="1062" Text="Kopējs" />
                      <Title LCID="1086" Text="Umum" />
                      <Title LCID="1044" Text="Felles" />
                      <Title LCID="1043" Text="Algemeen" />
                      <Title LCID="1045" Text="Wspólne" />
                      <Title LCID="1046" Text="Comum" />
                      <Title LCID="2070" Text="Comum" />
                      <Title LCID="1048" Text="Comun" />
                      <Title LCID="1049" Text="Общие" />
                      <Title LCID="1051" Text="Spoločné" />
                      <Title LCID="1060" Text="Skupno" />
                      <Title LCID="3098" Text="Уобичајено" />
                      <Title LCID="2074" Text="Uobičajeno" />
                      <Title LCID="1053" Text="Gemensam" />
                      <Title LCID="1054" Text="ทั่วไป" />
                      <Title LCID="1055" Text="Ortak" />
                      <Title LCID="1058" Text="Загальне" />
                      <Title LCID="1066" Text="Thông thường" />
                      <Title LCID="2052" Text="公用" />
                      <Title LCID="3076" Text="一般" />
                      <Title LCID="1028" Text="一般" />
                    </Titles>
                  </NavBarArea>
                  <NavBarArea Id="Sales">
                    <Titles>
                      <Title LCID="1033" Text="Sales" />
                      <Title LCID="1025" Text="المبيعات" />
                      <Title LCID="1026" Text="Продажби" />
                      <Title LCID="1027" Text="Vendes" />
                      <Title LCID="1029" Text="Prodej" />
                      <Title LCID="1030" Text="Salg" />
                      <Title LCID="1031" Text="Vertrieb" />
                      <Title LCID="1032" Text="Πωλήσεις" />
                      <Title LCID="3082" Text="Ventas" />
                      <Title LCID="1061" Text="Müük" />
                      <Title LCID="1069" Text="Salmentak" />
                      <Title LCID="1035" Text="Myynti" />
                      <Title LCID="1036" Text="Ventes" />
                      <Title LCID="1110" Text="Vendas" />
                      <Title LCID="1037" Text="מכירות" />
                      <Title LCID="1081" Text="विक्रय" />
                      <Title LCID="1050" Text="Prodaja" />
                      <Title LCID="1038" Text="Értékesítés" />
                      <Title LCID="1057" Text="Penjualan" />
                      <Title LCID="1040" Text="Vendite" />
                      <Title LCID="1041" Text="営業" />
                      <Title LCID="1087" Text="Сатылым" />
                      <Title LCID="1042" Text="영업" />
                      <Title LCID="1063" Text="Pardavimas" />
                      <Title LCID="1062" Text="Pārdošana" />
                      <Title LCID="1086" Text="Jualan" />
                      <Title LCID="1044" Text="Salg" />
                      <Title LCID="1043" Text="Verkoop" />
                      <Title LCID="1045" Text="Sprzedaż" />
                      <Title LCID="1046" Text="Vendas" />
                      <Title LCID="2070" Text="Vendas" />
                      <Title LCID="1048" Text="Vânzări" />
                      <Title LCID="1049" Text="Продажи" />
                      <Title LCID="1051" Text="Predaj" />
                      <Title LCID="1060" Text="Prodaja" />
                      <Title LCID="3098" Text="Продаја" />
                      <Title LCID="2074" Text="Prodaja" />
                      <Title LCID="1053" Text="Försäljning" />
                      <Title LCID="1054" Text="การขาย" />
                      <Title LCID="1055" Text="Satış" />
                      <Title LCID="1058" Text="Збут" />
                      <Title LCID="1066" Text="Bán hàng" />
                      <Title LCID="2052" Text="销售" />
                      <Title LCID="3076" Text="銷售" />
                      <Title LCID="1028" Text="銷售" />
                    </Titles>
                  </NavBarArea>
                  <NavBarArea Id="Service">
                    <Titles>
                      <Title LCID="1033" Text="Field Service" />
                      <Title LCID="1025" Text="Field Service" />
                      <Title LCID="1026" Text="Field Service" />
                      <Title LCID="1027" Text="Field Service" />
                      <Title LCID="1029" Text="Field Service" />
                      <Title LCID="1030" Text="Field Service" />
                      <Title LCID="1031" Text="Field Service" />
                      <Title LCID="1032" Text="Field Service" />
                      <Title LCID="3082" Text="Field Service" />
                      <Title LCID="1061" Text="Field Service" />
                      <Title LCID="1069" Text="Field Service" />
                      <Title LCID="1035" Text="Field Service" />
                      <Title LCID="1036" Text="Field Service" />
                      <Title LCID="1110" Text="Field Service" />
                      <Title LCID="1037" Text="Field Service" />
                      <Title LCID="1081" Text="Field Service" />
                      <Title LCID="1050" Text="Field Service" />
                      <Title LCID="1038" Text="Field Service" />
                      <Title LCID="1057" Text="Field Service" />
                      <Title LCID="1040" Text="Field Service" />
                      <Title LCID="1041" Text="Field Service" />
                      <Title LCID="1087" Text="Field Service" />
                      <Title LCID="1042" Text="Field Service" />
                      <Title LCID="1063" Text="„Field Service“" />
                      <Title LCID="1062" Text="Field Service" />
                      <Title LCID="1086" Text="Field Service" />
                      <Title LCID="1044" Text="Field Service" />
                      <Title LCID="1043" Text="Field Service" />
                      <Title LCID="1045" Text="Field Service" />
                      <Title LCID="1046" Text="Field Service" />
                      <Title LCID="2070" Text="Field Service" />
                      <Title LCID="1048" Text="Field Service" />
                      <Title LCID="1049" Text="Field Service" />
                      <Title LCID="1051" Text="Field Service" />
                      <Title LCID="1060" Text="Field Service" />
                      <Title LCID="3098" Text="Field Service" />
                      <Title LCID="2074" Text="Field Service" />
                      <Title LCID="1053" Text="Field Service" />
                      <Title LCID="1054" Text="Field Service" />
                      <Title LCID="1055" Text="Field Service" />
                      <Title LCID="1058" Text="Field Service" />
                      <Title LCID="1066" Text="Field Service" />
                      <Title LCID="2052" Text="Field Service" />
                      <Title LCID="3076" Text="Field Service" />
                      <Title LCID="1028" Text="Field Service" />
                    </Titles>
                  </NavBarArea>
                  <NavBarArea Id="Marketing">
                    <Titles>
                      <Title LCID="1033" Text="Marketing" />
                      <Title LCID="1025" Text="التسويق" />
                      <Title LCID="1026" Text="Маркетинг" />
                      <Title LCID="1027" Text="Màrqueting" />
                      <Title LCID="1029" Text="Marketing" />
                      <Title LCID="1030" Text="Marketing" />
                      <Title LCID="1031" Text="Marketing" />
                      <Title LCID="1032" Text="Μάρκετινγκ" />
                      <Title LCID="3082" Text="Marketing" />
                      <Title LCID="1061" Text="Turundus" />
                      <Title LCID="1069" Text="Marketina" />
                      <Title LCID="1035" Text="Markkinointi" />
                      <Title LCID="1036" Text="Marketing" />
                      <Title LCID="1110" Text="Márketing" />
                      <Title LCID="1037" Text="שיווק" />
                      <Title LCID="1081" Text="मार्केटिंग" />
                      <Title LCID="1050" Text="Marketing" />
                      <Title LCID="1038" Text="Marketing" />
                      <Title LCID="1057" Text="Pemasaran" />
                      <Title LCID="1040" Text="Marketing" />
                      <Title LCID="1041" Text="マーケティング" />
                      <Title LCID="1087" Text="Маркетинг" />
                      <Title LCID="1042" Text="마케팅" />
                      <Title LCID="1063" Text="Rinkodara" />
                      <Title LCID="1062" Text="Mārketings" />
                      <Title LCID="1086" Text="Pemasaran" />
                      <Title LCID="1044" Text="Markedsføring" />
                      <Title LCID="1043" Text="Marketing" />
                      <Title LCID="1045" Text="Marketing" />
                      <Title LCID="1046" Text="Marketing" />
                      <Title LCID="2070" Text="Marketing" />
                      <Title LCID="1048" Text="Marketing" />
                      <Title LCID="1049" Text="Маркетинг" />
                      <Title LCID="1051" Text="Marketing" />
                      <Title LCID="1060" Text="Trženje" />
                      <Title LCID="3098" Text="Маркетинг" />
                      <Title LCID="2074" Text="Marketing" />
                      <Title LCID="1053" Text="Marknadsföring" />
                      <Title LCID="1054" Text="การตลาด" />
                      <Title LCID="1055" Text="Pazarlama" />
                      <Title LCID="1058" Text="Маркетинг" />
                      <Title LCID="1066" Text="Tiếp thị" />
                      <Title LCID="2052" Text="市场营销" />
                      <Title LCID="3076" Text="行銷​​" />
                      <Title LCID="1028" Text="行銷" />
                    </Titles>
                  </NavBarArea>
                  <NavBarArea Id="ProcessCenter">
                    <Titles>
                      <Title LCID="1033" Text="Process Sessions" />
                      <Title LCID="1025" Text="جلسات عمل العمليات" />
                      <Title LCID="1026" Text="Сесии на процес" />
                      <Title LCID="1027" Text="Sessions del procés" />
                      <Title LCID="1029" Text="Relace procesů" />
                      <Title LCID="1030" Text="Processessioner" />
                      <Title LCID="1031" Text="Prozesssitzungen" />
                      <Title LCID="1032" Text="Περίοδοι λειτουργίας διεργασίας" />
                      <Title LCID="3082" Text="Sesiones de proceso" />
                      <Title LCID="1061" Text="Protsessiseansid" />
                      <Title LCID="1069" Text="Prozesu-saioak" />
                      <Title LCID="1035" Text="Prosessin istunnot" />
                      <Title LCID="1036" Text="Sessions de traitement" />
                      <Title LCID="1110" Text="Sesións de proceso" />
                      <Title LCID="1037" Text="הפעלות תהליך" />
                      <Title LCID="1081" Text="प्रक्रिया सत्र" />
                      <Title LCID="1050" Text="Sesije procesa" />
                      <Title LCID="1038" Text="Feldolgozási munkamenetek" />
                      <Title LCID="1057" Text="Sesi Proses" />
                      <Title LCID="1040" Text="Sessioni processo" />
                      <Title LCID="1041" Text="プロセス セッション" />
                      <Title LCID="1087" Text="Процесс сеанстары" />
                      <Title LCID="1042" Text="프로세스 세션" />
                      <Title LCID="1063" Text="Apdorojimo seansai" />
                      <Title LCID="1062" Text="Apstrādes sesijas" />
                      <Title LCID="1086" Text="Proses Sesi" />
                      <Title LCID="1044" Text="Prosessøkter" />
                      <Title LCID="1043" Text="Processessies" />
                      <Title LCID="1045" Text="Sesje procesów" />
                      <Title LCID="1046" Text="Processar Sessões" />
                      <Title LCID="2070" Text="Sessões de Processo" />
                      <Title LCID="1048" Text="Sesiuni de proces" />
                      <Title LCID="1049" Text="Сеансы процесса" />
                      <Title LCID="1051" Text="Relácie procesov" />
                      <Title LCID="1060" Text="Seje procesov" />
                      <Title LCID="3098" Text="Сесије процеса" />
                      <Title LCID="2074" Text="Sesije procesa" />
                      <Title LCID="1053" Text="Processessioner" />
                      <Title LCID="1054" Text="เซสชันของกระบวนการ" />
                      <Title LCID="1055" Text="İşlem Oturumları" />
                      <Title LCID="1058" Text="Сеанси процесів" />
                      <Title LCID="1066" Text="Phiên Quá trình" />
                      <Title LCID="2052" Text="进程会话" />
                      <Title LCID="3076" Text="程序工作階段" />
                      <Title LCID="1028" Text="程序工作階段" />
                    </Titles>
                  </NavBarArea>
                </NavBarAreas>
              </Navigation>
              <controlDescriptions />
              <hiddencontrols>
                <data id="FirstResponseSLAStatus" datafieldname="firstresponseslastatus" classid="{5546E6CD-394C-4bee-94A8-4425E17EF6C6}" />
                <data id="ResolveBySLAStatus" datafieldname="resolvebyslastatus" classid="{5546E6CD-394C-4bee-94A8-4425E17EF6C6}" />
              </hiddencontrols>
              <formLibraries>
                <Library name="msdyn_/Utils/head.js" libraryUniqueId="{9bd5b446-507d-c16e-b6be-4938c0a6792d}" />
                <Library name="msdyn_/Case/Case.Library.js" libraryUniqueId="{160e2c11-66e6-d954-d801-b3a207eb52e1}" />
              </formLibraries>
              <DisplayConditions FallbackForm="true" Order="2">
                <Role Id="{627090ff-40a3-4053-8790-584edc5be201}" />
                <Role Id="{119f245c-3cc8-4b62-b31c-d1a046ced15d}" />
              </DisplayConditions>
            </form>
            <IsCustomizable>1</IsCustomizable>
            <CanBeDeleted>1</CanBeDeleted>
            <LocalizedNames>
              <LocalizedName description="オブジェクト検知" languagecode="1041" />
            </LocalizedNames>
            <Descriptions>
              <Description description="既定のサポート案件フォームが更新されました。" languagecode="1041" />
            </Descriptions>
          </systemform>
          <systemform>
            <formid>{4a63c8d1-6c1e-48ec-9db4-3e6c7155334c}</formid>
            <IntroducedVersion>5.0.0.0</IntroducedVersion>
            <FormPresentation>1</FormPresentation>
            <FormActivationState>1</FormActivationState>
            <form enablerelatedinformation="false" shownavigationbar="true" hasmargin="false">
              <DisplayConditions FallbackForm="true" Order="3" solutionaction="Modified" />
            </form>
            <LocalizedNames>
              <LocalizedName description="サポート案件" languagecode="1041" />
            </LocalizedNames>
            <Descriptions>
              <Description description="既定のサポート案件フォームが更新されました。" languagecode="1041" />
            </Descriptions>
          </systemform>
          <systemform>
            <formid>{f658c846-f74c-459b-b591-b97558958106}</formid>
            <IntroducedVersion>5.0.0.0</IntroducedVersion>
            <FormPresentation>0</FormPresentation>
            <FormActivationState>0</FormActivationState>
            <form enablerelatedinformation="true">
              <tabs>
                <tab name="general" verticallayout="true" id="{06a2992a-9cc9-41a5-8f37-d2b2214fdde1}" IsUserDefined="0" ordinalvalue="1" solutionaction="Modified" />
                <tab name="notesandkb" id="{ecec23bf-2417-4bdc-a019-0a6aca6c2500}" IsUserDefined="0" expanded="false" ordinalvalue="2" solutionaction="Modified" />
                <tab name="tab_recordwall" id="{e94e6ac4-12db-bc8c-ec81-8b20c5987655}" IsUserDefined="0" locklevel="0" showlabel="true" expanded="false" labelid="{969b7de7-da7b-44ff-8cbd-fe933e13005c}" ordinalvalue="0" solutionaction="Added">
                  <labels>
                    <label description="新着情報" languagecode="1041" />
                  </labels>
                  <columns>
                    <column width="100%" id="0">
                      <sections>
                        <section name="tab_recordwall_section_1" showlabel="false" showbar="false" locklevel="0" id="{ac0addcc-a626-6c98-40ee-b11edac36204}" IsUserDefined="0" layout="varwidth" columns="1" labelwidth="115" celllabelalignment="Left" celllabelposition="Left" labelid="{4d9f926d-ee44-4a8c-a7a6-198ea0af7d0a}" ordinalvalue="0">
                          <labels>
                            <label description="Section" languagecode="1041" />
                          </labels>
                          <rows>
                            <row>
                              <cell id="{be13b312-b6ac-83d7-34e1-e90dc1ecbec7}" showlabel="false" colspan="1" auto="false" rowspan="15" labelid="{ae7cfafc-10ab-486c-90b4-ccca05ca3460}" ordinalvalue="10000">
                                <labels>
                                  <label description="RecordWall" languagecode="1041" />
                                </labels>
                                <control id="WebResource_RecordWall" classid="{9FDF5F91-88B1-47f4-AD53-C11EFC01A01D}">
                                  <parameters>
                                    <Url>msdyn_/RecordWall.htm</Url>
                                    <PassParameters>true</PassParameters>
                                    <Security>false</Security>
                                    <Scrolling>auto</Scrolling>
                                    <Border>false</Border>
                                  </parameters>
                                </control>
                                <events>
                                  <event name="onload" application="0">
                                    <dependencies />
                                  </event>
                                </events>
                              </cell>
                            </row>
                            <row />
                            <row />
                            <row />
                            <row />
                            <row />
                            <row />
                            <row />
                            <row />
                            <row />
                            <row />
                            <row />
                            <row />
                            <row />
                            <row />
                          </rows>
                        </section>
                      </sections>
                    </column>
                  </columns>
                  <events>
                    <event name="tabstatechange" application="false" active="false">
                      <Handlers>
                        <Handler functionName="ActivityFeeds.Form.CustomizationUtils.updateRecordWallRenderingState" libraryName="msdyn_/ActivityFeeds.Form.js" handlerUniqueId="{9beb6ce6-2666-8033-a406-3d68d44b9592}" enabled="true" parameters="" passExecutionContext="true" />
                      </Handlers>
                    </event>
                  </events>
                </tab>
              </tabs>
              <DisplayConditions FallbackForm="true" Order="4" solutionaction="Modified" />
              <formLibraries solutionaction="Added">
                <Library name="msdyn_/ActivityFeeds.Form.js" libraryUniqueId="{4181da4c-6d13-ba3c-c859-be404e4ee2e3}" />
              </formLibraries>
            </form>
            <LocalizedNames>
              <LocalizedName description="情報" languagecode="1041" />
            </LocalizedNames>
            <Descriptions>
              <Description description="このエンティティ用のフォームです。" languagecode="1041" />
            </Descriptions>
          </systemform>
        </forms>
      </FormXml>
      <RibbonDiffXml>
        <CustomActions />
        <Templates>
          <RibbonTemplates Id="Mscrm.Templates"></RibbonTemplates>
        </Templates>
        <CommandDefinitions />
        <RuleDefinitions>
          <TabDisplayRules />
          <DisplayRules />
          <EnableRules />
        </RuleDefinitions>
        <LocLabels />
      </RibbonDiffXml>
    </Entity>
  </Entities>
  <Roles></Roles>
  <Workflows></Workflows>
  <FieldSecurityProfiles></FieldSecurityProfiles>
  <Templates />
  <EntityMaps />
  <EntityRelationships />
  <OrganizationSettings />
  <optionsets />
  <WebResources>
    <WebResource>
      <WebResourceId>{f44b300d-857a-e811-a95b-000d3a5148bc}</WebResourceId>
      <Name>new_/Detector/Scripts/AzureFunctionsUtil.js</Name>
      <DisplayName>AzureFunctionsUtil.js</DisplayName>
      <WebResourceType>3</WebResourceType>
      <IntroducedVersion>0.0.0.0</IntroducedVersion>
      <IsEnabledForMobileClient>0</IsEnabledForMobileClient>
      <IsAvailableForMobileOffline>0</IsAvailableForMobileOffline>
      <DependencyXml>&lt;Dependencies&gt;&lt;Dependency componentType="WebResource"/&gt;&lt;/Dependencies&gt;</DependencyXml>
      <IsCustomizable>1</IsCustomizable>
      <CanBeDeleted>1</CanBeDeleted>
      <IsHidden>0</IsHidden>
      <FileName>/WebResources/new_DetectorScriptsAzureFunctionsUtiljsF44B300D-857A-E811-A95B-000D3A5148BC</FileName>
    </WebResource>
    <WebResource>
      <WebResourceId>{34160d9d-987a-e811-a95b-000d3a5148bc}</WebResourceId>
      <Name>new_/Detector/Scripts/WebAPIUtil.js</Name>
      <DisplayName>WebAPIUtil.js</DisplayName>
      <WebResourceType>3</WebResourceType>
      <IntroducedVersion>0.0.0.0</IntroducedVersion>
      <IsEnabledForMobileClient>0</IsEnabledForMobileClient>
      <IsAvailableForMobileOffline>0</IsAvailableForMobileOffline>
      <DependencyXml>&lt;Dependencies&gt;&lt;Dependency componentType="WebResource"/&gt;&lt;/Dependencies&gt;</DependencyXml>
      <IsCustomizable>1</IsCustomizable>
      <CanBeDeleted>1</CanBeDeleted>
      <IsHidden>0</IsHidden>
      <FileName>/WebResources/new_DetectorScriptsWebAPIUtiljs34160D9D-987A-E811-A95B-000D3A5148BC</FileName>
    </WebResource>
    <WebResource>
      <WebResourceId>{ac110ca6-9b7a-e811-a95b-000d3a5148bc}</WebResourceId>
      <Name>new_/Detector/Scripts/MyGeneralLibrary.js</Name>
      <DisplayName>MyGeneralLibrary.js</DisplayName>
      <WebResourceType>3</WebResourceType>
      <IntroducedVersion>0.0.0.0</IntroducedVersion>
      <IsEnabledForMobileClient>0</IsEnabledForMobileClient>
      <IsAvailableForMobileOffline>0</IsAvailableForMobileOffline>
      <DependencyXml>&lt;Dependencies&gt;&lt;Dependency componentType="WebResource"/&gt;&lt;/Dependencies&gt;</DependencyXml>
      <IsCustomizable>1</IsCustomizable>
      <CanBeDeleted>1</CanBeDeleted>
      <IsHidden>0</IsHidden>
      <FileName>/WebResources/new_DetectorScriptsMyGeneralLibraryjsAC110CA6-9B7A-E811-A95B-000D3A5148BC</FileName>
    </WebResource>
    <WebResource>
      <WebResourceId>{da53ec22-007a-e811-a95c-000d3a518a4d}</WebResourceId>
      <Name>new_/Detector/main.html</Name>
      <DisplayName>main.html</DisplayName>
      <WebResourceType>1</WebResourceType>
      <IntroducedVersion>0.0.0.0</IntroducedVersion>
      <IsEnabledForMobileClient>1</IsEnabledForMobileClient>
      <IsAvailableForMobileOffline>0</IsAvailableForMobileOffline>
      <DependencyXml>&lt;Dependencies&gt;&lt;Dependency componentType="WebResource"/&gt;&lt;/Dependencies&gt;</DependencyXml>
      <IsCustomizable>1</IsCustomizable>
      <CanBeDeleted>1</CanBeDeleted>
      <IsHidden>0</IsHidden>
      <FileName>/WebResources/new_DetectormainhtmlDA53EC22-007A-E811-A95C-000D3A518A4D</FileName>
    </WebResource>
    <WebResource>
      <WebResourceId>{b9b6b741-007a-e811-a95c-000d3a518a4d}</WebResourceId>
      <Name>new_/Detector/Scripts/main.js</Name>
      <DisplayName>main.js</DisplayName>
      <WebResourceType>3</WebResourceType>
      <IntroducedVersion>0.0.0.0</IntroducedVersion>
      <IsEnabledForMobileClient>0</IsEnabledForMobileClient>
      <IsAvailableForMobileOffline>0</IsAvailableForMobileOffline>
      <DependencyXml>&lt;Dependencies&gt;&lt;Dependency componentType="WebResource"/&gt;&lt;/Dependencies&gt;</DependencyXml>
      <IsCustomizable>1</IsCustomizable>
      <CanBeDeleted>1</CanBeDeleted>
      <IsHidden>0</IsHidden>
      <FileName>/WebResources/new_DetectorScriptsmainjsB9B6B741-007A-E811-A95C-000D3A518A4D</FileName>
    </WebResource>
  </WebResources>
  <CustomControls />
  <AppModuleSiteMaps>
    <AppModuleSiteMap>
      <SiteMapUniqueName>new_incidentobjectdetection</SiteMapUniqueName>
      <SiteMap IntroducedVersion="7.0.0.0">
        <Area Id="New_SupportArea" ResourceId="SitemapDesigner.NewArea" DescriptionResourceId="SitemapDesigner.NewArea" Icon="/WebResources/msdyn_/Images/Area_Default_Icon.png" ShowGroups="true" IntroducedVersion="7.0.0.0">
          <Titles>
            <Title LCID="1041" Title="サポート" />
          </Titles>
          <Group Id="New_SupportGroup" ResourceId="SitemapDesigner.NewGroup" DescriptionResourceId="SitemapDesigner.NewGroup" IntroducedVersion="7.0.0.0" IsProfile="false" ToolTipResourseId="SitemapDesigner.Unknown">
            <Titles>
              <Title LCID="1041" Title="サポート" />
            </Titles>
            <SubArea Id="New_IncidentSubArea" Icon="/_imgs/imagestrips/transparent_spacer.gif" IntroducedVersion="7.0.0.0" Entity="incident" Client="All,Outlook,OutlookLaptopClient,OutlookWorkstationClient,Web" AvailableOffline="true" PassParams="false" Sku="All,OnPremise,Live,SPLA">
              <Titles>
                <Title LCID="1041" Title="サポート案件" />
              </Titles>
            </SubArea>
          </Group>
        </Area>
      </SiteMap>
      <LocalizedNames>
        <LocalizedName description="サポート案件オブジェクト検知" languagecode="1041" />
      </LocalizedNames>
    </AppModuleSiteMap>
  </AppModuleSiteMaps>
  <AppModules>
    <AppModule>
      <UniqueName>new_incidentobjectdetection</UniqueName>
      <IntroducedVersion>1.0</IntroducedVersion>
      <WebResourceId>953b9fac-1e5e-e611-80d6-00155ded156f</WebResourceId>
      <FormFactor>1</FormFactor>
      <ClientType>4</ClientType>
      <AppModuleComponents>
        <AppModuleComponent type="62" schemaName="new_incidentobjectdetection" />
        <AppModuleComponent type="1" schemaName="incident" />
      </AppModuleComponents>
      <AppModuleRoleMaps>
        <Role id="{119f245c-3cc8-4b62-b31c-d1a046ced15d}" />
        <Role id="{627090ff-40a3-4053-8790-584edc5be201}" />
      </AppModuleRoleMaps>
      <LocalizedNames>
        <LocalizedName description="サポート案件オブジェクト検知" languagecode="1041" />
      </LocalizedNames>
      <Descriptions>
        <Description description="サポート案件で Custom Vision のオブジェクト検知を利用する" languagecode="1041" />
      </Descriptions>
    </AppModule>
  </AppModules>
  <EntityDataProviders />
  <Languages>
    <Language>1041</Language>
  </Languages>
</ImportExportXml>