<ImportExportXml version="9.0.2.1079" SolutionPackageVersion="9.0" languagecode="1041" generatedBy="CrmLive" xmlns:xsi="http://www.w3.org/2001/XMLSchema-instance">
  <SolutionManifest>
    <UniqueName>IncidentObjectDetection</UniqueName>
    <LocalizedNames>
      <LocalizedName description="サポート案件オブジェクト検知" languagecode="1041" />
    </LocalizedNames>
    <Descriptions>
      <Description description="■v1.0.0.0 （2018年8月9日）&#xA;・Custom Vision Object Detection （プレビュー）でオブジェクト検知した画像処理を施した画像を表示する。&#xA;・Custom Vision Object Detection （プレビュー）の API をコールし、画像処理をする Azure Function をコールしている。" languagecode="1041" />
    </Descriptions>
    <Version>1.0.0.0</Version>
    <Managed>1</Managed>
    <Publisher>
      <UniqueName>keiji</UniqueName>
      <LocalizedNames>
        <LocalizedName description="keiji" languagecode="1041" />
      </LocalizedNames>
      <Descriptions />
      <EMailAddress xsi:nil="true"></EMailAddress>
      <SupportingWebsiteUrl xsi:nil="true"></SupportingWebsiteUrl>
      <CustomizationPrefix>new</CustomizationPrefix>
      <CustomizationOptionValuePrefix>10000</CustomizationOptionValuePrefix>
      <Addresses>
        <Address>
          <AddressNumber>1</AddressNumber>
          <AddressTypeCode>1</AddressTypeCode>
          <City xsi:nil="true"></City>
          <County xsi:nil="true"></County>
          <Country xsi:nil="true"></Country>
          <Fax xsi:nil="true"></Fax>
          <FreightTermsCode xsi:nil="true"></FreightTermsCode>
          <ImportSequenceNumber xsi:nil="true"></ImportSequenceNumber>
          <Latitude xsi:nil="true"></Latitude>
          <Line1 xsi:nil="true"></Line1>
          <Line2 xsi:nil="true"></Line2>
          <Line3 xsi:nil="true"></Line3>
          <Longitude xsi:nil="true"></Longitude>
          <Name xsi:nil="true"></Name>
          <PostalCode xsi:nil="true"></PostalCode>
          <PostOfficeBox xsi:nil="true"></PostOfficeBox>
          <PrimaryContactName xsi:nil="true"></PrimaryContactName>
          <ShippingMethodCode>1</ShippingMethodCode>
          <StateOrProvince xsi:nil="true"></StateOrProvince>
          <Telephone1 xsi:nil="true"></Telephone1>
          <Telephone2 xsi:nil="true"></Telephone2>
          <Telephone3 xsi:nil="true"></Telephone3>
          <TimeZoneRuleVersionNumber xsi:nil="true"></TimeZoneRuleVersionNumber>
          <UPSZone xsi:nil="true"></UPSZone>
          <UTCOffset xsi:nil="true"></UTCOffset>
          <UTCConversionTimeZoneCode xsi:nil="true"></UTCConversionTimeZoneCode>
        </Address>
        <Address>
          <AddressNumber>2</AddressNumber>
          <AddressTypeCode>1</AddressTypeCode>
          <City xsi:nil="true"></City>
          <County xsi:nil="true"></County>
          <Country xsi:nil="true"></Country>
          <Fax xsi:nil="true"></Fax>
          <FreightTermsCode xsi:nil="true"></FreightTermsCode>
          <ImportSequenceNumber xsi:nil="true"></ImportSequenceNumber>
          <Latitude xsi:nil="true"></Latitude>
          <Line1 xsi:nil="true"></Line1>
          <Line2 xsi:nil="true"></Line2>
          <Line3 xsi:nil="true"></Line3>
          <Longitude xsi:nil="true"></Longitude>
          <Name xsi:nil="true"></Name>
          <PostalCode xsi:nil="true"></PostalCode>
          <PostOfficeBox xsi:nil="true"></PostOfficeBox>
          <PrimaryContactName xsi:nil="true"></PrimaryContactName>
          <ShippingMethodCode>1</ShippingMethodCode>
          <StateOrProvince xsi:nil="true"></StateOrProvince>
          <Telephone1 xsi:nil="true"></Telephone1>
          <Telephone2 xsi:nil="true"></Telephone2>
          <Telephone3 xsi:nil="true"></Telephone3>
          <TimeZoneRuleVersionNumber xsi:nil="true"></TimeZoneRuleVersionNumber>
          <UPSZone xsi:nil="true"></UPSZone>
          <UTCOffset xsi:nil="true"></UTCOffset>
          <UTCConversionTimeZoneCode xsi:nil="true"></UTCConversionTimeZoneCode>
        </Address>
      </Addresses>
    </Publisher>
    <RootComponents>
      <RootComponent type="1" schemaName="incident" behavior="1" />
      <RootComponent type="60" id="{4a63c8d1-6c1e-48ec-9db4-3e6c7155334c}" behavior="0" />
      <RootComponent type="60" id="{915f6055-2e07-4276-ae08-2b96c8d02c57}" behavior="0" />
      <RootComponent type="60" id="{f658c846-f74c-459b-b591-b97558958106}" behavior="0" />
      <RootComponent type="60" id="{fe0fa3ed-1f34-4377-8fa2-386c42c68dd9}" behavior="0" />
      <RootComponent type="61" schemaName="new_/Detector/main.html" behavior="0" />
      <RootComponent type="61" schemaName="new_/Detector/Scripts/AzureFunctionsUtil.js" behavior="0" />
      <RootComponent type="61" schemaName="new_/Detector/Scripts/main.js" behavior="0" />
      <RootComponent type="61" schemaName="new_/Detector/Scripts/MyGeneralLibrary.js" behavior="0" />
      <RootComponent type="61" schemaName="new_/Detector/Scripts/WebAPIUtil.js" behavior="0" />
      <RootComponent type="62" schemaName="new_incidentobjectdetection" behavior="0" />
      <RootComponent type="80" schemaName="new_incidentobjectdetection" behavior="0" />
    </RootComponents>
    <MissingDependencies>
      <MissingDependency>
        <Required key="0" type="1" schemaName="incident" displayName="サポート案件" solution="msdynce_Service (9.0.5.56)" />
        <Dependent key="0" type="1" schemaName="incident" displayName="サポート案件" />
      </MissingDependency>
      <MissingDependency>
        <Required key="0" type="1" schemaName="incident" displayName="サポート案件" solution="msdynce_Service (9.0.5.56)" />
        <Dependent key="1" type="60" displayName="オブジェクト検知" parentDisplayName="サポート案件" id="{fe0fa3ed-1f34-4377-8fa2-386c42c68dd9}" />
      </MissingDependency>
      <MissingDependency>
        <Required key="0" type="1" schemaName="incident" displayName="サポート案件" solution="msdynce_Service (9.0.5.56)" />
        <Dependent key="2" type="80" schemaName="new_incidentobjectdetection" displayName="サポート案件オブジェクト検知" />
      </MissingDependency>
      <MissingDependency>
        <Required key="0" type="1" schemaName="incident" displayName="サポート案件" solution="msdynce_Service (9.0.5.56)" />
        <Dependent key="3" type="62" schemaName="new_incidentobjectdetection" />
      </MissingDependency>
      <MissingDependency>
        <Required key="4" type="1" schemaName="contract" displayName="契約" solution="msdynce_Service (9.0.5.56)" />
        <Dependent key="5" type="60" displayName="情報" parentDisplayName="サポート案件" id="{f658c846-f74c-459b-b591-b97558958106}" />
      </MissingDependency>
      <MissingDependency>
        <Required key="4" type="1" schemaName="contract" displayName="契約" solution="msdynce_Service (9.0.5.56)" />
        <Dependent key="6" type="60" displayName="サポート案件" parentDisplayName="サポート案件" id="{4a63c8d1-6c1e-48ec-9db4-3e6c7155334c}" />
      </MissingDependency>
      <MissingDependency>
        <Required key="7" type="1" schemaName="knowledgearticleincident" displayName="サポート情報記事インシデント" solution="msdynce_Service (9.0.5.56)" />
        <Dependent key="6" type="60" displayName="サポート案件" parentDisplayName="サポート案件" id="{4a63c8d1-6c1e-48ec-9db4-3e6c7155334c}" />
      </MissingDependency>
      <MissingDependency>
        <Required key="4" type="1" schemaName="contract" displayName="契約" solution="msdynce_Service (9.0.5.56)" />
        <Dependent key="1" type="60" displayName="オブジェクト検知" parentDisplayName="サポート案件" id="{fe0fa3ed-1f34-4377-8fa2-386c42c68dd9}" />
      </MissingDependency>
      <MissingDependency>
        <Required key="7" type="1" schemaName="knowledgearticleincident" displayName="サポート情報記事インシデント" solution="msdynce_Service (9.0.5.56)" />
        <Dependent key="8" type="60" displayName="対話型エクスペリエンスのサポート案件" parentDisplayName="サポート案件" id="{915f6055-2e07-4276-ae08-2b96c8d02c57}" />
      </MissingDependency>
      <MissingDependency>
        <Required key="9" type="2" schemaName="prioritycode" displayName="優先度" parentSchemaName="incident" parentDisplayName="サポート案件" solution="msdynce_Service (9.0.5.56)" />
        <Dependent key="8" type="60" displayName="対話型エクスペリエンスのサポート案件" parentDisplayName="サポート案件" id="{915f6055-2e07-4276-ae08-2b96c8d02c57}" />
      </MissingDependency>
      <MissingDependency>
        <Required key="10" type="2" schemaName="socialprofileid" displayName="ソーシャル プロファイル" parentSchemaName="incident" parentDisplayName="サポート案件" solution="msdynce_Service (9.0.5.56)" />
        <Dependent key="8" type="60" displayName="対話型エクスペリエンスのサポート案件" parentDisplayName="サポート案件" id="{915f6055-2e07-4276-ae08-2b96c8d02c57}" />
      </MissingDependency>
      <MissingDependency>
        <Required key="11" type="2" schemaName="sentimentvalue" displayName="センチメントの値" parentSchemaName="incident" parentDisplayName="サポート案件" solution="msdynce_Service (9.0.5.56)" />
        <Dependent key="8" type="60" displayName="対話型エクスペリエンスのサポート案件" parentDisplayName="サポート案件" id="{915f6055-2e07-4276-ae08-2b96c8d02c57}" />
      </MissingDependency>
      <MissingDependency>
        <Required key="12" type="2" schemaName="ownerid" displayName="所有者" parentSchemaName="incident" parentDisplayName="サポート案件" solution="msdynce_Service (9.0.5.56)" />
        <Dependent key="8" type="60" displayName="対話型エクスペリエンスのサポート案件" parentDisplayName="サポート案件" id="{915f6055-2e07-4276-ae08-2b96c8d02c57}" />
      </MissingDependency>
      <MissingDependency>
        <Required key="13" type="2" schemaName="casetypecode" displayName="サポート案件の種類" parentSchemaName="incident" parentDisplayName="サポート案件" solution="msdynce_Service (9.0.5.56)" />
        <Dependent key="8" type="60" displayName="対話型エクスペリエンスのサポート案件" parentDisplayName="サポート案件" id="{915f6055-2e07-4276-ae08-2b96c8d02c57}" />
      </MissingDependency>
      <MissingDependency>
        <Required key="14" type="2" schemaName="caseorigincode" displayName="発生元" parentSchemaName="incident" parentDisplayName="サポート案件" solution="msdynce_Service (9.0.5.56)" />
        <Dependent key="8" type="60" displayName="対話型エクスペリエンスのサポート案件" parentDisplayName="サポート案件" id="{915f6055-2e07-4276-ae08-2b96c8d02c57}" />
      </MissingDependency>
      <MissingDependency>
        <Required key="15" type="2" schemaName="messagetypecode" displayName="メッセージの種類" parentSchemaName="incident" parentDisplayName="サポート案件" solution="msdynce_Service (9.0.5.56)" />
        <Dependent key="8" type="60" displayName="対話型エクスペリエンスのサポート案件" parentDisplayName="サポート案件" id="{915f6055-2e07-4276-ae08-2b96c8d02c57}" />
      </MissingDependency>
      <MissingDependency>
        <Required key="16" type="2" schemaName="statuscode" displayName="ステータス" parentSchemaName="incident" parentDisplayName="サポート案件" solution="msdynce_Service (9.0.5.56)" />
        <Dependent key="8" type="60" displayName="対話型エクスペリエンスのサポート案件" parentDisplayName="サポート案件" id="{915f6055-2e07-4276-ae08-2b96c8d02c57}" />
      </MissingDependency>
      <MissingDependency>
        <Required key="17" type="2" schemaName="influencescore" displayName="インフルエンス スコア" parentSchemaName="incident" parentDisplayName="サポート案件" solution="msdynce_Service (9.0.5.56)" />
        <Dependent key="8" type="60" displayName="対話型エクスペリエンスのサポート案件" parentDisplayName="サポート案件" id="{915f6055-2e07-4276-ae08-2b96c8d02c57}" />
      </MissingDependency>
      <MissingDependency>
        <Required key="18" type="2" schemaName="entitlementid" displayName="権利" parentSchemaName="incident" parentDisplayName="サポート案件" solution="msdynce_Service (9.0.5.56)" />
        <Dependent key="8" type="60" displayName="対話型エクスペリエンスのサポート案件" parentDisplayName="サポート案件" id="{915f6055-2e07-4276-ae08-2b96c8d02c57}" />
      </MissingDependency>
      <MissingDependency>
        <Required key="19" type="2" schemaName="ticketnumber" displayName="サポート案件番号" parentSchemaName="incident" parentDisplayName="サポート案件" solution="msdynce_Service (9.0.5.56)" />
        <Dependent key="8" type="60" displayName="対話型エクスペリエンスのサポート案件" parentDisplayName="サポート案件" id="{915f6055-2e07-4276-ae08-2b96c8d02c57}" />
      </MissingDependency>
      <MissingDependency>
        <Required key="20" type="2" schemaName="isescalated" displayName="エスカレーション済み" parentSchemaName="incident" parentDisplayName="サポート案件" solution="msdynce_Service (9.0.5.56)" />
        <Dependent key="8" type="60" displayName="対話型エクスペリエンスのサポート案件" parentDisplayName="サポート案件" id="{915f6055-2e07-4276-ae08-2b96c8d02c57}" />
      </MissingDependency>
      <MissingDependency>
        <Required key="21" type="2" schemaName="firstresponsebykpiid" displayName="最初の応答期限の KPI" parentSchemaName="incident" parentDisplayName="サポート案件" solution="msdynce_Service (9.0.5.56)" />
        <Dependent key="8" type="60" displayName="対話型エクスペリエンスのサポート案件" parentDisplayName="サポート案件" id="{915f6055-2e07-4276-ae08-2b96c8d02c57}" />
      </MissingDependency>
      <MissingDependency>
        <Required key="22" type="2" schemaName="escalatedon" displayName="エスカレーション日付" parentSchemaName="incident" parentDisplayName="サポート案件" solution="msdynce_Service (9.0.5.56)" />
        <Dependent key="8" type="60" displayName="対話型エクスペリエンスのサポート案件" parentDisplayName="サポート案件" id="{915f6055-2e07-4276-ae08-2b96c8d02c57}" />
      </MissingDependency>
      <MissingDependency>
        <Required key="23" type="2" schemaName="resolvebykpiid" displayName="解決期限の KPI" parentSchemaName="incident" parentDisplayName="サポート案件" solution="msdynce_Service (9.0.5.56)" />
        <Dependent key="8" type="60" displayName="対話型エクスペリエンスのサポート案件" parentDisplayName="サポート案件" id="{915f6055-2e07-4276-ae08-2b96c8d02c57}" />
      </MissingDependency>
      <MissingDependency>
        <Required key="24" type="2" schemaName="subjectid" displayName="情報カテゴリ" parentSchemaName="incident" parentDisplayName="サポート案件" solution="msdynce_Service (9.0.5.56)" />
        <Dependent key="8" type="60" displayName="対話型エクスペリエンスのサポート案件" parentDisplayName="サポート案件" id="{915f6055-2e07-4276-ae08-2b96c8d02c57}" />
      </MissingDependency>
      <MissingDependency>
        <Required key="25" type="2" schemaName="primarycontactid" displayName="取引先担当者" parentSchemaName="incident" parentDisplayName="サポート案件" solution="msdynce_Service (9.0.5.56)" />
        <Dependent key="8" type="60" displayName="対話型エクスペリエンスのサポート案件" parentDisplayName="サポート案件" id="{915f6055-2e07-4276-ae08-2b96c8d02c57}" />
      </MissingDependency>
      <MissingDependency>
        <Required key="26" type="2" schemaName="description" displayName="説明" parentSchemaName="incident" parentDisplayName="サポート案件" solution="msdynce_Service (9.0.5.56)" />
        <Dependent key="8" type="60" displayName="対話型エクスペリエンスのサポート案件" parentDisplayName="サポート案件" id="{915f6055-2e07-4276-ae08-2b96c8d02c57}" />
      </MissingDependency>
      <MissingDependency>
        <Required key="27" type="2" schemaName="parentcaseid" displayName="親サポート案件" parentSchemaName="incident" parentDisplayName="サポート案件" solution="msdynce_Service (9.0.5.56)" />
        <Dependent key="8" type="60" displayName="対話型エクスペリエンスのサポート案件" parentDisplayName="サポート案件" id="{915f6055-2e07-4276-ae08-2b96c8d02c57}" />
      </MissingDependency>
      <MissingDependency>
        <Required key="28" type="2" schemaName="responseby" displayName="最初の応答者" parentSchemaName="incident" parentDisplayName="サポート案件" solution="msdynce_Service (9.0.5.56)" />
        <Dependent key="1" type="60" displayName="オブジェクト検知" parentDisplayName="サポート案件" id="{fe0fa3ed-1f34-4377-8fa2-386c42c68dd9}" />
      </MissingDependency>
      <MissingDependency>
        <Required key="29" type="2" schemaName="customerid" displayName="顧客" parentSchemaName="incident" parentDisplayName="サポート案件" solution="msdynce_Service (9.0.5.56)" />
        <Dependent key="8" type="60" displayName="対話型エクスペリエンスのサポート案件" parentDisplayName="サポート案件" id="{915f6055-2e07-4276-ae08-2b96c8d02c57}" />
      </MissingDependency>
      <MissingDependency>
        <Required key="30" type="2" schemaName="resolveby" displayName="解決者" parentSchemaName="incident" parentDisplayName="サポート案件" solution="msdynce_Service (9.0.5.56)" />
        <Dependent key="8" type="60" displayName="対話型エクスペリエンスのサポート案件" parentDisplayName="サポート案件" id="{915f6055-2e07-4276-ae08-2b96c8d02c57}" />
      </MissingDependency>
      <MissingDependency>
        <Required key="31" type="2" schemaName="blockedprofile" displayName="ブロックされたプロファイル" parentSchemaName="incident" parentDisplayName="サポート案件" solution="msdynce_Service (9.0.5.56)" />
        <Dependent key="8" type="60" displayName="対話型エクスペリエンスのサポート案件" parentDisplayName="サポート案件" id="{915f6055-2e07-4276-ae08-2b96c8d02c57}" />
      </MissingDependency>
      <MissingDependency>
        <Required key="32" type="2" schemaName="firstresponsesent" displayName="最初の応答の送信" parentSchemaName="incident" parentDisplayName="サポート案件" solution="msdynce_Service (9.0.5.56)" />
        <Dependent key="8" type="60" displayName="対話型エクスペリエンスのサポート案件" parentDisplayName="サポート案件" id="{915f6055-2e07-4276-ae08-2b96c8d02c57}" />
      </MissingDependency>
      <MissingDependency>
        <Required key="33" type="2" schemaName="followupby" displayName="フォローアップ期日" parentSchemaName="incident" parentDisplayName="サポート案件" solution="msdynce_Service (9.0.5.56)" />
        <Dependent key="8" type="60" displayName="対話型エクスペリエンスのサポート案件" parentDisplayName="サポート案件" id="{915f6055-2e07-4276-ae08-2b96c8d02c57}" />
      </MissingDependency>
      <MissingDependency>
        <Required key="34" type="2" schemaName="createdon" displayName="作成日" parentSchemaName="incident" parentDisplayName="サポート案件" solution="msdynce_Service (9.0.5.56)" />
        <Dependent key="8" type="60" displayName="対話型エクスペリエンスのサポート案件" parentDisplayName="サポート案件" id="{915f6055-2e07-4276-ae08-2b96c8d02c57}" />
      </MissingDependency>
      <MissingDependency>
        <Required key="35" type="2" schemaName="title" displayName="サポート案件のタイトル" parentSchemaName="incident" parentDisplayName="サポート案件" solution="msdynce_Service (9.0.5.56)" />
        <Dependent key="8" type="60" displayName="対話型エクスペリエンスのサポート案件" parentDisplayName="サポート案件" id="{915f6055-2e07-4276-ae08-2b96c8d02c57}" />
      </MissingDependency>
      <MissingDependency>
        <Required key="36" type="2" schemaName="productserialnumber" displayName="シリアル番号" parentSchemaName="incident" parentDisplayName="サポート案件" solution="msdynce_Service (9.0.5.56)" />
        <Dependent key="1" type="60" displayName="オブジェクト検知" parentDisplayName="サポート案件" id="{fe0fa3ed-1f34-4377-8fa2-386c42c68dd9}" />
      </MissingDependency>
      <MissingDependency>
        <Required key="30" type="2" schemaName="resolveby" displayName="解決者" parentSchemaName="incident" parentDisplayName="サポート案件" solution="msdynce_Service (9.0.5.56)" />
        <Dependent key="1" type="60" displayName="オブジェクト検知" parentDisplayName="サポート案件" id="{fe0fa3ed-1f34-4377-8fa2-386c42c68dd9}" />
      </MissingDependency>
      <MissingDependency>
        <Required key="9" type="2" schemaName="prioritycode" displayName="優先度" parentSchemaName="incident" parentDisplayName="サポート案件" solution="msdynce_Service (9.0.5.56)" />
        <Dependent key="1" type="60" displayName="オブジェクト検知" parentDisplayName="サポート案件" id="{fe0fa3ed-1f34-4377-8fa2-386c42c68dd9}" />
      </MissingDependency>
      <MissingDependency>
        <Required key="37" type="2" schemaName="contractid" displayName="契約" parentSchemaName="incident" parentDisplayName="サポート案件" solution="msdynce_Service (9.0.5.56)" />
        <Dependent key="1" type="60" displayName="オブジェクト検知" parentDisplayName="サポート案件" id="{fe0fa3ed-1f34-4377-8fa2-386c42c68dd9}" />
      </MissingDependency>
      <MissingDependency>
        <Required key="29" type="2" schemaName="customerid" displayName="顧客" parentSchemaName="incident" parentDisplayName="サポート案件" solution="msdynce_Service (9.0.5.56)" />
        <Dependent key="1" type="60" displayName="オブジェクト検知" parentDisplayName="サポート案件" id="{fe0fa3ed-1f34-4377-8fa2-386c42c68dd9}" />
      </MissingDependency>
      <MissingDependency>
        <Required key="19" type="2" schemaName="ticketnumber" displayName="サポート案件番号" parentSchemaName="incident" parentDisplayName="サポート案件" solution="msdynce_Service (9.0.5.56)" />
        <Dependent key="1" type="60" displayName="オブジェクト検知" parentDisplayName="サポート案件" id="{fe0fa3ed-1f34-4377-8fa2-386c42c68dd9}" />
      </MissingDependency>
      <MissingDependency>
        <Required key="38" type="2" schemaName="contractservicelevelcode" displayName="サービス レベル" parentSchemaName="incident" parentDisplayName="サポート案件" solution="msdynce_Service (9.0.5.56)" />
        <Dependent key="1" type="60" displayName="オブジェクト検知" parentDisplayName="サポート案件" id="{fe0fa3ed-1f34-4377-8fa2-386c42c68dd9}" />
      </MissingDependency>
      <MissingDependency>
        <Required key="39" type="2" schemaName="productid" displayName="製品" parentSchemaName="incident" parentDisplayName="サポート案件" solution="msdynce_Service (9.0.5.56)" />
        <Dependent key="1" type="60" displayName="オブジェクト検知" parentDisplayName="サポート案件" id="{fe0fa3ed-1f34-4377-8fa2-386c42c68dd9}" />
      </MissingDependency>
      <MissingDependency>
        <Required key="25" type="2" schemaName="primarycontactid" displayName="取引先担当者" parentSchemaName="incident" parentDisplayName="サポート案件" solution="msdynce_Service (9.0.5.56)" />
        <Dependent key="1" type="60" displayName="オブジェクト検知" parentDisplayName="サポート案件" id="{fe0fa3ed-1f34-4377-8fa2-386c42c68dd9}" />
      </MissingDependency>
      <MissingDependency>
        <Required key="24" type="2" schemaName="subjectid" displayName="情報カテゴリ" parentSchemaName="incident" parentDisplayName="サポート案件" solution="msdynce_Service (9.0.5.56)" />
        <Dependent key="1" type="60" displayName="オブジェクト検知" parentDisplayName="サポート案件" id="{fe0fa3ed-1f34-4377-8fa2-386c42c68dd9}" />
      </MissingDependency>
      <MissingDependency>
        <Required key="18" type="2" schemaName="entitlementid" displayName="権利" parentSchemaName="incident" parentDisplayName="サポート案件" solution="msdynce_Service (9.0.5.56)" />
        <Dependent key="1" type="60" displayName="オブジェクト検知" parentDisplayName="サポート案件" id="{fe0fa3ed-1f34-4377-8fa2-386c42c68dd9}" />
      </MissingDependency>
      <MissingDependency>
        <Required key="28" type="2" schemaName="responseby" displayName="最初の応答者" parentSchemaName="incident" parentDisplayName="サポート案件" solution="msdynce_Service (9.0.5.56)" />
        <Dependent key="8" type="60" displayName="対話型エクスペリエンスのサポート案件" parentDisplayName="サポート案件" id="{915f6055-2e07-4276-ae08-2b96c8d02c57}" />
      </MissingDependency>
      <MissingDependency>
        <Required key="39" type="2" schemaName="productid" displayName="製品" parentSchemaName="incident" parentDisplayName="サポート案件" solution="msdynce_Service (9.0.5.56)" />
        <Dependent key="8" type="60" displayName="対話型エクスペリエンスのサポート案件" parentDisplayName="サポート案件" id="{915f6055-2e07-4276-ae08-2b96c8d02c57}" />
      </MissingDependency>
      <MissingDependency>
        <Required key="26" type="2" schemaName="description" displayName="説明" parentSchemaName="incident" parentDisplayName="サポート案件" solution="msdynce_Service (9.0.5.56)" />
        <Dependent key="1" type="60" displayName="オブジェクト検知" parentDisplayName="サポート案件" id="{fe0fa3ed-1f34-4377-8fa2-386c42c68dd9}" />
      </MissingDependency>
      <MissingDependency>
        <Required key="34" type="2" schemaName="createdon" displayName="作成日" parentSchemaName="incident" parentDisplayName="サポート案件" solution="msdynce_Service (9.0.5.56)" />
        <Dependent key="1" type="60" displayName="オブジェクト検知" parentDisplayName="サポート案件" id="{fe0fa3ed-1f34-4377-8fa2-386c42c68dd9}" />
      </MissingDependency>
      <MissingDependency>
        <Required key="14" type="2" schemaName="caseorigincode" displayName="発生元" parentSchemaName="incident" parentDisplayName="サポート案件" solution="msdynce_Service (9.0.5.56)" />
        <Dependent key="1" type="60" displayName="オブジェクト検知" parentDisplayName="サポート案件" id="{fe0fa3ed-1f34-4377-8fa2-386c42c68dd9}" />
      </MissingDependency>
      <MissingDependency>
        <Required key="12" type="2" schemaName="ownerid" displayName="所有者" parentSchemaName="incident" parentDisplayName="サポート案件" solution="msdynce_Service (9.0.5.56)" />
        <Dependent key="1" type="60" displayName="オブジェクト検知" parentDisplayName="サポート案件" id="{fe0fa3ed-1f34-4377-8fa2-386c42c68dd9}" />
      </MissingDependency>
      <MissingDependency>
        <Required key="16" type="2" schemaName="statuscode" displayName="ステータス" parentSchemaName="incident" parentDisplayName="サポート案件" solution="msdynce_Service (9.0.5.56)" />
        <Dependent key="1" type="60" displayName="オブジェクト検知" parentDisplayName="サポート案件" id="{fe0fa3ed-1f34-4377-8fa2-386c42c68dd9}" />
      </MissingDependency>
      <MissingDependency>
        <Required key="40" type="2" schemaName="contractdetailid" displayName="契約品目" parentSchemaName="incident" parentDisplayName="サポート案件" solution="msdynce_Service (9.0.5.56)" />
        <Dependent key="1" type="60" displayName="オブジェクト検知" parentDisplayName="サポート案件" id="{fe0fa3ed-1f34-4377-8fa2-386c42c68dd9}" />
      </MissingDependency>
      <MissingDependency>
        <Required key="35" type="2" schemaName="title" displayName="サポート案件のタイトル" parentSchemaName="incident" parentDisplayName="サポート案件" solution="msdynce_Service (9.0.5.56)" />
        <Dependent key="1" type="60" displayName="オブジェクト検知" parentDisplayName="サポート案件" id="{fe0fa3ed-1f34-4377-8fa2-386c42c68dd9}" />
      </MissingDependency>
      <MissingDependency>
        <Required key="41" type="2" schemaName="kbarticleid" displayName="サポート情報の記事" parentSchemaName="incident" parentDisplayName="サポート案件" solution="msdynce_Service (9.0.5.56)" />
        <Dependent key="1" type="60" displayName="オブジェクト検知" parentDisplayName="サポート案件" id="{fe0fa3ed-1f34-4377-8fa2-386c42c68dd9}" />
      </MissingDependency>
      <MissingDependency>
        <Required key="42" type="2" schemaName="msdyn_incidenttype" displayName="インシデントの種類" parentSchemaName="incident" parentDisplayName="サポート案件" solution="FieldService (7.5.0.60)" />
        <Dependent key="6" type="60" displayName="サポート案件" parentDisplayName="サポート案件" id="{4a63c8d1-6c1e-48ec-9db4-3e6c7155334c}" />
      </MissingDependency>
      <MissingDependency>
        <Required key="30" type="2" schemaName="resolveby" displayName="解決者" parentSchemaName="incident" parentDisplayName="サポート案件" solution="msdynce_Service (9.0.5.56)" />
        <Dependent key="6" type="60" displayName="サポート案件" parentDisplayName="サポート案件" id="{4a63c8d1-6c1e-48ec-9db4-3e6c7155334c}" />
      </MissingDependency>
      <MissingDependency>
        <Required key="14" type="2" schemaName="caseorigincode" displayName="発生元" parentSchemaName="incident" parentDisplayName="サポート案件" solution="msdynce_Service (9.0.5.56)" />
        <Dependent key="6" type="60" displayName="サポート案件" parentDisplayName="サポート案件" id="{4a63c8d1-6c1e-48ec-9db4-3e6c7155334c}" />
      </MissingDependency>
      <MissingDependency>
        <Required key="37" type="2" schemaName="contractid" displayName="契約" parentSchemaName="incident" parentDisplayName="サポート案件" solution="msdynce_Service (9.0.5.56)" />
        <Dependent key="6" type="60" displayName="サポート案件" parentDisplayName="サポート案件" id="{4a63c8d1-6c1e-48ec-9db4-3e6c7155334c}" />
      </MissingDependency>
      <MissingDependency>
        <Required key="31" type="2" schemaName="blockedprofile" displayName="ブロックされたプロファイル" parentSchemaName="incident" parentDisplayName="サポート案件" solution="msdynce_Service (9.0.5.56)" />
        <Dependent key="6" type="60" displayName="サポート案件" parentDisplayName="サポート案件" id="{4a63c8d1-6c1e-48ec-9db4-3e6c7155334c}" />
      </MissingDependency>
      <MissingDependency>
        <Required key="33" type="2" schemaName="followupby" displayName="フォローアップ期日" parentSchemaName="incident" parentDisplayName="サポート案件" solution="msdynce_Service (9.0.5.56)" />
        <Dependent key="6" type="60" displayName="サポート案件" parentDisplayName="サポート案件" id="{4a63c8d1-6c1e-48ec-9db4-3e6c7155334c}" />
      </MissingDependency>
      <MissingDependency>
        <Required key="36" type="2" schemaName="productserialnumber" displayName="シリアル番号" parentSchemaName="incident" parentDisplayName="サポート案件" solution="msdynce_Service (9.0.5.56)" />
        <Dependent key="6" type="60" displayName="サポート案件" parentDisplayName="サポート案件" id="{4a63c8d1-6c1e-48ec-9db4-3e6c7155334c}" />
      </MissingDependency>
      <MissingDependency>
        <Required key="25" type="2" schemaName="primarycontactid" displayName="取引先担当者" parentSchemaName="incident" parentDisplayName="サポート案件" solution="msdynce_Service (9.0.5.56)" />
        <Dependent key="6" type="60" displayName="サポート案件" parentDisplayName="サポート案件" id="{4a63c8d1-6c1e-48ec-9db4-3e6c7155334c}" />
      </MissingDependency>
      <MissingDependency>
        <Required key="26" type="2" schemaName="description" displayName="説明" parentSchemaName="incident" parentDisplayName="サポート案件" solution="msdynce_Service (9.0.5.56)" />
        <Dependent key="6" type="60" displayName="サポート案件" parentDisplayName="サポート案件" id="{4a63c8d1-6c1e-48ec-9db4-3e6c7155334c}" />
      </MissingDependency>
      <MissingDependency>
        <Required key="12" type="2" schemaName="ownerid" displayName="所有者" parentSchemaName="incident" parentDisplayName="サポート案件" solution="msdynce_Service (9.0.5.56)" />
        <Dependent key="6" type="60" displayName="サポート案件" parentDisplayName="サポート案件" id="{4a63c8d1-6c1e-48ec-9db4-3e6c7155334c}" />
      </MissingDependency>
      <MissingDependency>
        <Required key="18" type="2" schemaName="entitlementid" displayName="権利" parentSchemaName="incident" parentDisplayName="サポート案件" solution="msdynce_Service (9.0.5.56)" />
        <Dependent key="6" type="60" displayName="サポート案件" parentDisplayName="サポート案件" id="{4a63c8d1-6c1e-48ec-9db4-3e6c7155334c}" />
      </MissingDependency>
      <MissingDependency>
        <Required key="15" type="2" schemaName="messagetypecode" displayName="メッセージの種類" parentSchemaName="incident" parentDisplayName="サポート案件" solution="msdynce_Service (9.0.5.56)" />
        <Dependent key="6" type="60" displayName="サポート案件" parentDisplayName="サポート案件" id="{4a63c8d1-6c1e-48ec-9db4-3e6c7155334c}" />
      </MissingDependency>
      <MissingDependency>
        <Required key="29" type="2" schemaName="customerid" displayName="顧客" parentSchemaName="incident" parentDisplayName="サポート案件" solution="msdynce_Service (9.0.5.56)" />
        <Dependent key="6" type="60" displayName="サポート案件" parentDisplayName="サポート案件" id="{4a63c8d1-6c1e-48ec-9db4-3e6c7155334c}" />
      </MissingDependency>
      <MissingDependency>
        <Required key="10" type="2" schemaName="socialprofileid" displayName="ソーシャル プロファイル" parentSchemaName="incident" parentDisplayName="サポート案件" solution="msdynce_Service (9.0.5.56)" />
        <Dependent key="6" type="60" displayName="サポート案件" parentDisplayName="サポート案件" id="{4a63c8d1-6c1e-48ec-9db4-3e6c7155334c}" />
      </MissingDependency>
      <MissingDependency>
        <Required key="40" type="2" schemaName="contractdetailid" displayName="契約品目" parentSchemaName="incident" parentDisplayName="サポート案件" solution="msdynce_Service (9.0.5.56)" />
        <Dependent key="6" type="60" displayName="サポート案件" parentDisplayName="サポート案件" id="{4a63c8d1-6c1e-48ec-9db4-3e6c7155334c}" />
      </MissingDependency>
      <MissingDependency>
        <Required key="39" type="2" schemaName="productid" displayName="製品" parentSchemaName="incident" parentDisplayName="サポート案件" solution="msdynce_Service (9.0.5.56)" />
        <Dependent key="6" type="60" displayName="サポート案件" parentDisplayName="サポート案件" id="{4a63c8d1-6c1e-48ec-9db4-3e6c7155334c}" />
      </MissingDependency>
      <MissingDependency>
        <Required key="41" type="2" schemaName="kbarticleid" displayName="サポート情報の記事" parentSchemaName="incident" parentDisplayName="サポート案件" solution="msdynce_Service (9.0.5.56)" />
        <Dependent key="6" type="60" displayName="サポート案件" parentDisplayName="サポート案件" id="{4a63c8d1-6c1e-48ec-9db4-3e6c7155334c}" />
      </MissingDependency>
      <MissingDependency>
        <Required key="21" type="2" schemaName="firstresponsebykpiid" displayName="最初の応答期限の KPI" parentSchemaName="incident" parentDisplayName="サポート案件" solution="msdynce_Service (9.0.5.56)" />
        <Dependent key="6" type="60" displayName="サポート案件" parentDisplayName="サポート案件" id="{4a63c8d1-6c1e-48ec-9db4-3e6c7155334c}" />
      </MissingDependency>
      <MissingDependency>
        <Required key="9" type="2" schemaName="prioritycode" displayName="優先度" parentSchemaName="incident" parentDisplayName="サポート案件" solution="msdynce_Service (9.0.5.56)" />
        <Dependent key="6" type="60" displayName="サポート案件" parentDisplayName="サポート案件" id="{4a63c8d1-6c1e-48ec-9db4-3e6c7155334c}" />
      </MissingDependency>
      <MissingDependency>
        <Required key="22" type="2" schemaName="escalatedon" displayName="エスカレーション日付" parentSchemaName="incident" parentDisplayName="サポート案件" solution="msdynce_Service (9.0.5.56)" />
        <Dependent key="6" type="60" displayName="サポート案件" parentDisplayName="サポート案件" id="{4a63c8d1-6c1e-48ec-9db4-3e6c7155334c}" />
      </MissingDependency>
      <MissingDependency>
        <Required key="32" type="2" schemaName="firstresponsesent" displayName="最初の応答の送信" parentSchemaName="incident" parentDisplayName="サポート案件" solution="msdynce_Service (9.0.5.56)" />
        <Dependent key="6" type="60" displayName="サポート案件" parentDisplayName="サポート案件" id="{4a63c8d1-6c1e-48ec-9db4-3e6c7155334c}" />
      </MissingDependency>
      <MissingDependency>
        <Required key="35" type="2" schemaName="title" displayName="サポート案件のタイトル" parentSchemaName="incident" parentDisplayName="サポート案件" solution="msdynce_Service (9.0.5.56)" />
        <Dependent key="6" type="60" displayName="サポート案件" parentDisplayName="サポート案件" id="{4a63c8d1-6c1e-48ec-9db4-3e6c7155334c}" />
      </MissingDependency>
      <MissingDependency>
        <Required key="13" type="2" schemaName="casetypecode" displayName="サポート案件の種類" parentSchemaName="incident" parentDisplayName="サポート案件" solution="msdynce_Service (9.0.5.56)" />
        <Dependent key="6" type="60" displayName="サポート案件" parentDisplayName="サポート案件" id="{4a63c8d1-6c1e-48ec-9db4-3e6c7155334c}" />
      </MissingDependency>
      <MissingDependency>
        <Required key="28" type="2" schemaName="responseby" displayName="最初の応答者" parentSchemaName="incident" parentDisplayName="サポート案件" solution="msdynce_Service (9.0.5.56)" />
        <Dependent key="6" type="60" displayName="サポート案件" parentDisplayName="サポート案件" id="{4a63c8d1-6c1e-48ec-9db4-3e6c7155334c}" />
      </MissingDependency>
      <MissingDependency>
        <Required key="20" type="2" schemaName="isescalated" displayName="エスカレーション済み" parentSchemaName="incident" parentDisplayName="サポート案件" solution="msdynce_Service (9.0.5.56)" />
        <Dependent key="6" type="60" displayName="サポート案件" parentDisplayName="サポート案件" id="{4a63c8d1-6c1e-48ec-9db4-3e6c7155334c}" />
      </MissingDependency>
      <MissingDependency>
        <Required key="11" type="2" schemaName="sentimentvalue" displayName="センチメントの値" parentSchemaName="incident" parentDisplayName="サポート案件" solution="msdynce_Service (9.0.5.56)" />
        <Dependent key="6" type="60" displayName="サポート案件" parentDisplayName="サポート案件" id="{4a63c8d1-6c1e-48ec-9db4-3e6c7155334c}" />
      </MissingDependency>
      <MissingDependency>
        <Required key="24" type="2" schemaName="subjectid" displayName="情報カテゴリ" parentSchemaName="incident" parentDisplayName="サポート案件" solution="msdynce_Service (9.0.5.56)" />
        <Dependent key="6" type="60" displayName="サポート案件" parentDisplayName="サポート案件" id="{4a63c8d1-6c1e-48ec-9db4-3e6c7155334c}" />
      </MissingDependency>
      <MissingDependency>
        <Required key="17" type="2" schemaName="influencescore" displayName="インフルエンス スコア" parentSchemaName="incident" parentDisplayName="サポート案件" solution="msdynce_Service (9.0.5.56)" />
        <Dependent key="6" type="60" displayName="サポート案件" parentDisplayName="サポート案件" id="{4a63c8d1-6c1e-48ec-9db4-3e6c7155334c}" />
      </MissingDependency>
      <MissingDependency>
        <Required key="38" type="2" schemaName="contractservicelevelcode" displayName="サービス レベル" parentSchemaName="incident" parentDisplayName="サポート案件" solution="msdynce_Service (9.0.5.56)" />
        <Dependent key="6" type="60" displayName="サポート案件" parentDisplayName="サポート案件" id="{4a63c8d1-6c1e-48ec-9db4-3e6c7155334c}" />
      </MissingDependency>
      <MissingDependency>
        <Required key="27" type="2" schemaName="parentcaseid" displayName="親サポート案件" parentSchemaName="incident" parentDisplayName="サポート案件" solution="msdynce_Service (9.0.5.56)" />
        <Dependent key="6" type="60" displayName="サポート案件" parentDisplayName="サポート案件" id="{4a63c8d1-6c1e-48ec-9db4-3e6c7155334c}" />
      </MissingDependency>
      <MissingDependency>
        <Required key="9" type="2" schemaName="prioritycode" displayName="優先度" parentSchemaName="incident" parentDisplayName="サポート案件" solution="msdynce_Service (9.0.5.56)" />
        <Dependent key="5" type="60" displayName="情報" parentDisplayName="サポート案件" id="{f658c846-f74c-459b-b591-b97558958106}" />
      </MissingDependency>
      <MissingDependency>
        <Required key="29" type="2" schemaName="customerid" displayName="顧客" parentSchemaName="incident" parentDisplayName="サポート案件" solution="msdynce_Service (9.0.5.56)" />
        <Dependent key="5" type="60" displayName="情報" parentDisplayName="サポート案件" id="{f658c846-f74c-459b-b591-b97558958106}" />
      </MissingDependency>
      <MissingDependency>
        <Required key="33" type="2" schemaName="followupby" displayName="フォローアップ期日" parentSchemaName="incident" parentDisplayName="サポート案件" solution="msdynce_Service (9.0.5.56)" />
        <Dependent key="5" type="60" displayName="情報" parentDisplayName="サポート案件" id="{f658c846-f74c-459b-b591-b97558958106}" />
      </MissingDependency>
      <MissingDependency>
        <Required key="12" type="2" schemaName="ownerid" displayName="所有者" parentSchemaName="incident" parentDisplayName="サポート案件" solution="msdynce_Service (9.0.5.56)" />
        <Dependent key="5" type="60" displayName="情報" parentDisplayName="サポート案件" id="{f658c846-f74c-459b-b591-b97558958106}" />
      </MissingDependency>
      <MissingDependency>
        <Required key="35" type="2" schemaName="title" displayName="サポート案件のタイトル" parentSchemaName="incident" parentDisplayName="サポート案件" solution="msdynce_Service (9.0.5.56)" />
        <Dependent key="5" type="60" displayName="情報" parentDisplayName="サポート案件" id="{f658c846-f74c-459b-b591-b97558958106}" />
      </MissingDependency>
      <MissingDependency>
        <Required key="19" type="2" schemaName="ticketnumber" displayName="サポート案件番号" parentSchemaName="incident" parentDisplayName="サポート案件" solution="msdynce_Service (9.0.5.56)" />
        <Dependent key="6" type="60" displayName="サポート案件" parentDisplayName="サポート案件" id="{4a63c8d1-6c1e-48ec-9db4-3e6c7155334c}" />
      </MissingDependency>
      <MissingDependency>
        <Required key="16" type="2" schemaName="statuscode" displayName="ステータス" parentSchemaName="incident" parentDisplayName="サポート案件" solution="msdynce_Service (9.0.5.56)" />
        <Dependent key="6" type="60" displayName="サポート案件" parentDisplayName="サポート案件" id="{4a63c8d1-6c1e-48ec-9db4-3e6c7155334c}" />
      </MissingDependency>
      <MissingDependency>
        <Required key="23" type="2" schemaName="resolvebykpiid" displayName="解決期限の KPI" parentSchemaName="incident" parentDisplayName="サポート案件" solution="msdynce_Service (9.0.5.56)" />
        <Dependent key="6" type="60" displayName="サポート案件" parentDisplayName="サポート案件" id="{4a63c8d1-6c1e-48ec-9db4-3e6c7155334c}" />
      </MissingDependency>
      <MissingDependency>
        <Required key="34" type="2" schemaName="createdon" displayName="作成日" parentSchemaName="incident" parentDisplayName="サポート案件" solution="msdynce_Service (9.0.5.56)" />
        <Dependent key="6" type="60" displayName="サポート案件" parentDisplayName="サポート案件" id="{4a63c8d1-6c1e-48ec-9db4-3e6c7155334c}" />
      </MissingDependency>
      <MissingDependency>
        <Required key="13" type="2" schemaName="casetypecode" displayName="サポート案件の種類" parentSchemaName="incident" parentDisplayName="サポート案件" solution="msdynce_Service (9.0.5.56)" />
        <Dependent key="5" type="60" displayName="情報" parentDisplayName="サポート案件" id="{f658c846-f74c-459b-b591-b97558958106}" />
      </MissingDependency>
      <MissingDependency>
        <Required key="16" type="2" schemaName="statuscode" displayName="ステータス" parentSchemaName="incident" parentDisplayName="サポート案件" solution="msdynce_Service (9.0.5.56)" />
        <Dependent key="5" type="60" displayName="情報" parentDisplayName="サポート案件" id="{f658c846-f74c-459b-b591-b97558958106}" />
      </MissingDependency>
      <MissingDependency>
        <Required key="38" type="2" schemaName="contractservicelevelcode" displayName="サービス レベル" parentSchemaName="incident" parentDisplayName="サポート案件" solution="msdynce_Service (9.0.5.56)" />
        <Dependent key="5" type="60" displayName="情報" parentDisplayName="サポート案件" id="{f658c846-f74c-459b-b591-b97558958106}" />
      </MissingDependency>
      <MissingDependency>
        <Required key="39" type="2" schemaName="productid" displayName="製品" parentSchemaName="incident" parentDisplayName="サポート案件" solution="msdynce_Service (9.0.5.56)" />
        <Dependent key="5" type="60" displayName="情報" parentDisplayName="サポート案件" id="{f658c846-f74c-459b-b591-b97558958106}" />
      </MissingDependency>
      <MissingDependency>
        <Required key="36" type="2" schemaName="productserialnumber" displayName="シリアル番号" parentSchemaName="incident" parentDisplayName="サポート案件" solution="msdynce_Service (9.0.5.56)" />
        <Dependent key="5" type="60" displayName="情報" parentDisplayName="サポート案件" id="{f658c846-f74c-459b-b591-b97558958106}" />
      </MissingDependency>
      <MissingDependency>
        <Required key="40" type="2" schemaName="contractdetailid" displayName="契約品目" parentSchemaName="incident" parentDisplayName="サポート案件" solution="msdynce_Service (9.0.5.56)" />
        <Dependent key="5" type="60" displayName="情報" parentDisplayName="サポート案件" id="{f658c846-f74c-459b-b591-b97558958106}" />
      </MissingDependency>
      <MissingDependency>
        <Required key="41" type="2" schemaName="kbarticleid" displayName="サポート情報の記事" parentSchemaName="incident" parentDisplayName="サポート案件" solution="msdynce_Service (9.0.5.56)" />
        <Dependent key="5" type="60" displayName="情報" parentDisplayName="サポート案件" id="{f658c846-f74c-459b-b591-b97558958106}" />
      </MissingDependency>
      <MissingDependency>
        <Required key="14" type="2" schemaName="caseorigincode" displayName="発生元" parentSchemaName="incident" parentDisplayName="サポート案件" solution="msdynce_Service (9.0.5.56)" />
        <Dependent key="5" type="60" displayName="情報" parentDisplayName="サポート案件" id="{f658c846-f74c-459b-b591-b97558958106}" />
      </MissingDependency>
      <MissingDependency>
        <Required key="43" type="2" schemaName="customersatisfactioncode" displayName="満足度" parentSchemaName="incident" parentDisplayName="サポート案件" solution="msdynce_Service (9.0.5.56)" />
        <Dependent key="5" type="60" displayName="情報" parentDisplayName="サポート案件" id="{f658c846-f74c-459b-b591-b97558958106}" />
      </MissingDependency>
      <MissingDependency>
        <Required key="37" type="2" schemaName="contractid" displayName="契約" parentSchemaName="incident" parentDisplayName="サポート案件" solution="msdynce_Service (9.0.5.56)" />
        <Dependent key="5" type="60" displayName="情報" parentDisplayName="サポート案件" id="{f658c846-f74c-459b-b591-b97558958106}" />
      </MissingDependency>
      <MissingDependency>
        <Required key="24" type="2" schemaName="subjectid" displayName="情報カテゴリ" parentSchemaName="incident" parentDisplayName="サポート案件" solution="msdynce_Service (9.0.5.56)" />
        <Dependent key="5" type="60" displayName="情報" parentDisplayName="サポート案件" id="{f658c846-f74c-459b-b591-b97558958106}" />
      </MissingDependency>
      <MissingDependency>
        <Required key="44" type="10" schemaName="msdyn_incident_msdyn_workorder_ServiceRequest" displayName="msdyn_incident_msdyn_workorder_ServiceRequest" parentSchemaName="incident" parentDisplayName="サポート案件" solution="FieldService (7.5.0.60)" />
        <Dependent key="6" type="60" displayName="サポート案件" parentDisplayName="サポート案件" id="{4a63c8d1-6c1e-48ec-9db4-3e6c7155334c}" />
      </MissingDependency>
      <MissingDependency>
        <Required key="45" type="10" schemaName="msdyn_msdyn_incidenttype_incident_IncidentType" displayName="msdyn_msdyn_incidenttype_incident_IncidentType" parentSchemaName="msdyn_incidenttype" parentDisplayName="インシデントの種類" solution="FieldService (7.5.0.60)" />
        <Dependent key="6" type="60" displayName="サポート案件" parentDisplayName="サポート案件" id="{4a63c8d1-6c1e-48ec-9db4-3e6c7155334c}" />
      </MissingDependency>
      <MissingDependency>
        <Required key="44" type="10" schemaName="msdyn_incident_msdyn_workorder_ServiceRequest" displayName="msdyn_incident_msdyn_workorder_ServiceRequest" parentSchemaName="incident" parentDisplayName="サポート案件" solution="FieldService (7.5.0.60)" />
        <Dependent key="1" type="60" displayName="オブジェクト検知" parentDisplayName="サポート案件" id="{fe0fa3ed-1f34-4377-8fa2-386c42c68dd9}" />
      </MissingDependency>
      <MissingDependency>
        <Required key="46" type="26" schemaName="関連サポート案件" displayName="関連サポート案件" parentSchemaName="incident" parentDisplayName="サポート案件" solution="msdynce_Service (9.0.5.56)" id="{72210bbb-d9d5-42df-8efd-39395a3cd7a7}" />
        <Dependent key="6" type="60" displayName="サポート案件" parentDisplayName="サポート案件" id="{4a63c8d1-6c1e-48ec-9db4-3e6c7155334c}" />
      </MissingDependency>
      <MissingDependency>
        <Required key="47" type="26" schemaName="アクティブ製品検索ダイアログ ビュー" displayName="アクティブ製品検索ダイアログ ビュー" parentSchemaName="product" parentDisplayName="製品" solution="msdynce_ProductManagement (9.0.4.0066)" id="{58afc3c5-8add-4552-98cb-473bc8f75619}" />
        <Dependent key="6" type="60" displayName="サポート案件" parentDisplayName="サポート案件" id="{4a63c8d1-6c1e-48ec-9db4-3e6c7155334c}" />
      </MissingDependency>
      <MissingDependency>
        <Required key="48" type="26" schemaName="アクティブな契約" displayName="アクティブな契約" parentSchemaName="contract" parentDisplayName="契約" solution="msdynce_Service (9.0.5.56)" id="{646de3ee-ebfb-4d19-8a44-4a619505e188}" />
        <Dependent key="6" type="60" displayName="サポート案件" parentDisplayName="サポート案件" id="{4a63c8d1-6c1e-48ec-9db4-3e6c7155334c}" />
      </MissingDependency>
      <MissingDependency>
        <Required key="49" type="26" schemaName="関連したサポート情報レコード ビュー" displayName="関連したサポート情報レコード ビュー" parentSchemaName="knowledgearticleincident" parentDisplayName="サポート情報記事インシデント" solution="msdynce_Service (9.0.5.56)" id="{4ce7d553-9bba-4d8f-b209-899af9d3937c}" />
        <Dependent key="6" type="60" displayName="サポート案件" parentDisplayName="サポート案件" id="{4a63c8d1-6c1e-48ec-9db4-3e6c7155334c}" />
      </MissingDependency>
      <MissingDependency>
        <Required key="47" type="26" schemaName="アクティブ製品検索ダイアログ ビュー" displayName="アクティブ製品検索ダイアログ ビュー" parentSchemaName="product" parentDisplayName="製品" solution="msdynce_ProductManagement (9.0.4.0066)" id="{58afc3c5-8add-4552-98cb-473bc8f75619}" />
        <Dependent key="5" type="60" displayName="情報" parentDisplayName="サポート案件" id="{f658c846-f74c-459b-b591-b97558958106}" />
      </MissingDependency>
      <MissingDependency>
        <Required key="48" type="26" schemaName="アクティブな契約" displayName="アクティブな契約" parentSchemaName="contract" parentDisplayName="契約" solution="msdynce_Service (9.0.5.56)" id="{646de3ee-ebfb-4d19-8a44-4a619505e188}" />
        <Dependent key="5" type="60" displayName="情報" parentDisplayName="サポート案件" id="{f658c846-f74c-459b-b591-b97558958106}" />
      </MissingDependency>
      <MissingDependency>
        <Required key="50" type="26" schemaName="サービス単位のある契約品目" displayName="サービス単位のある契約品目" parentSchemaName="contractdetail" parentDisplayName="契約品目" solution="msdynce_Service (9.0.5.56)" id="{8fa2705c-7e4c-4c0e-b611-4593b35a4c9e}" />
        <Dependent key="5" type="60" displayName="情報" parentDisplayName="サポート案件" id="{f658c846-f74c-459b-b591-b97558958106}" />
      </MissingDependency>
      <MissingDependency>
        <Required key="51" type="26" schemaName="サポート案件に有効な権利" displayName="サポート案件に有効な権利" parentSchemaName="entitlement" parentDisplayName="権利" solution="msdynce_Service (9.0.5.56)" id="{e7ea283b-0490-4956-939b-3325e0798fb8}" />
        <Dependent key="1" type="60" displayName="オブジェクト検知" parentDisplayName="サポート案件" id="{fe0fa3ed-1f34-4377-8fa2-386c42c68dd9}" />
      </MissingDependency>
      <MissingDependency>
        <Required key="46" type="26" schemaName="関連サポート案件" displayName="関連サポート案件" parentSchemaName="incident" parentDisplayName="サポート案件" solution="msdynce_Service (9.0.5.56)" id="{72210bbb-d9d5-42df-8efd-39395a3cd7a7}" />
        <Dependent key="1" type="60" displayName="オブジェクト検知" parentDisplayName="サポート案件" id="{fe0fa3ed-1f34-4377-8fa2-386c42c68dd9}" />
      </MissingDependency>
      <MissingDependency>
        <Required key="48" type="26" schemaName="アクティブな契約" displayName="アクティブな契約" parentSchemaName="contract" parentDisplayName="契約" solution="msdynce_Service (9.0.5.56)" id="{646de3ee-ebfb-4d19-8a44-4a619505e188}" />
        <Dependent key="1" type="60" displayName="オブジェクト検知" parentDisplayName="サポート案件" id="{fe0fa3ed-1f34-4377-8fa2-386c42c68dd9}" />
      </MissingDependency>
      <MissingDependency>
        <Required key="51" type="26" schemaName="サポート案件に有効な権利" displayName="サポート案件に有効な権利" parentSchemaName="entitlement" parentDisplayName="権利" solution="msdynce_Service (9.0.5.56)" id="{e7ea283b-0490-4956-939b-3325e0798fb8}" />
        <Dependent key="6" type="60" displayName="サポート案件" parentDisplayName="サポート案件" id="{4a63c8d1-6c1e-48ec-9db4-3e6c7155334c}" />
      </MissingDependency>
      <MissingDependency>
        <Required key="50" type="26" schemaName="サービス単位のある契約品目" displayName="サービス単位のある契約品目" parentSchemaName="contractdetail" parentDisplayName="契約品目" solution="msdynce_Service (9.0.5.56)" id="{8fa2705c-7e4c-4c0e-b611-4593b35a4c9e}" />
        <Dependent key="1" type="60" displayName="オブジェクト検知" parentDisplayName="サポート案件" id="{fe0fa3ed-1f34-4377-8fa2-386c42c68dd9}" />
      </MissingDependency>
      <MissingDependency>
        <Required key="50" type="26" schemaName="サービス単位のある契約品目" displayName="サービス単位のある契約品目" parentSchemaName="contractdetail" parentDisplayName="契約品目" solution="msdynce_Service (9.0.5.56)" id="{8fa2705c-7e4c-4c0e-b611-4593b35a4c9e}" />
        <Dependent key="6" type="60" displayName="サポート案件" parentDisplayName="サポート案件" id="{4a63c8d1-6c1e-48ec-9db4-3e6c7155334c}" />
      </MissingDependency>
      <MissingDependency>
        <Required key="51" type="26" schemaName="サポート案件に有効な権利" displayName="サポート案件に有効な権利" parentSchemaName="entitlement" parentDisplayName="権利" solution="msdynce_Service (9.0.5.56)" id="{e7ea283b-0490-4956-939b-3325e0798fb8}" />
        <Dependent key="8" type="60" displayName="対話型エクスペリエンスのサポート案件" parentDisplayName="サポート案件" id="{915f6055-2e07-4276-ae08-2b96c8d02c57}" />
      </MissingDependency>
      <MissingDependency>
        <Required key="47" type="26" schemaName="アクティブ製品検索ダイアログ ビュー" displayName="アクティブ製品検索ダイアログ ビュー" parentSchemaName="product" parentDisplayName="製品" solution="msdynce_ProductManagement (9.0.4.0066)" id="{58afc3c5-8add-4552-98cb-473bc8f75619}" />
        <Dependent key="1" type="60" displayName="オブジェクト検知" parentDisplayName="サポート案件" id="{fe0fa3ed-1f34-4377-8fa2-386c42c68dd9}" />
      </MissingDependency>
      <MissingDependency>
        <Required key="49" type="26" schemaName="関連したサポート情報レコード ビュー" displayName="関連したサポート情報レコード ビュー" parentSchemaName="knowledgearticleincident" parentDisplayName="サポート情報記事インシデント" solution="msdynce_Service (9.0.5.56)" id="{4ce7d553-9bba-4d8f-b209-899af9d3937c}" />
        <Dependent key="8" type="60" displayName="対話型エクスペリエンスのサポート案件" parentDisplayName="サポート案件" id="{915f6055-2e07-4276-ae08-2b96c8d02c57}" />
      </MissingDependency>
      <MissingDependency>
        <Required key="52" type="26" schemaName="対話中心の解決済み類似サポート案件" displayName="対話中心の解決済み類似サポート案件" parentSchemaName="incident" parentDisplayName="サポート案件" solution="msdynce_Service (9.0.5.56)" id="{bd15c679-df0b-e611-80d2-00155db1076f}" />
        <Dependent key="8" type="60" displayName="対話型エクスペリエンスのサポート案件" parentDisplayName="サポート案件" id="{915f6055-2e07-4276-ae08-2b96c8d02c57}" />
      </MissingDependency>
      <MissingDependency>
        <Required key="53" type="26" schemaName="対話中心の関連サポート案件フォーム" displayName="対話中心の関連サポート案件フォーム" parentSchemaName="incident" parentDisplayName="サポート案件" solution="msdynce_Service (9.0.5.56)" id="{65ab1a2c-1cd9-4fbe-8fd3-d52142d6b3fd}" />
        <Dependent key="8" type="60" displayName="対話型エクスペリエンスのサポート案件" parentDisplayName="サポート案件" id="{915f6055-2e07-4276-ae08-2b96c8d02c57}" />
      </MissingDependency>
      <MissingDependency>
        <Required key="47" type="26" schemaName="アクティブ製品検索ダイアログ ビュー" displayName="アクティブ製品検索ダイアログ ビュー" parentSchemaName="product" parentDisplayName="製品" solution="msdynce_ProductManagement (9.0.4.0066)" id="{58afc3c5-8add-4552-98cb-473bc8f75619}" />
        <Dependent key="8" type="60" displayName="対話型エクスペリエンスのサポート案件" parentDisplayName="サポート案件" id="{915f6055-2e07-4276-ae08-2b96c8d02c57}" />
      </MissingDependency>
      <MissingDependency>
        <Required key="54" type="60" displayName="取引先企業カード" parentDisplayName="取引先企業 " solution="msdynce_AppCommon (9.0.4.0066)" id="{b028db32-3619-48a5-ac51-cf3f947b0ef3}" />
        <Dependent key="8" type="60" displayName="対話型エクスペリエンスのサポート案件" parentDisplayName="サポート案件" id="{915f6055-2e07-4276-ae08-2b96c8d02c57}" />
      </MissingDependency>
      <MissingDependency>
        <Required key="55" type="60" displayName="最初の応答の SLA" parentDisplayName="SLA KPI インスタンス" solution="msdynce_ServiceLevelAgreement (2.0.1.1)" id="{ede9dac3-e143-4be4-acc8-237309e31210}" />
        <Dependent key="8" type="60" displayName="対話型エクスペリエンスのサポート案件" parentDisplayName="サポート案件" id="{915f6055-2e07-4276-ae08-2b96c8d02c57}" />
      </MissingDependency>
      <MissingDependency>
        <Required key="56" type="60" displayName="解決期限の SLA" parentDisplayName="SLA KPI インスタンス" solution="msdynce_ServiceLevelAgreement (2.0.1.1)" id="{19b14c51-3d43-4d56-ab34-49c540bf468c}" />
        <Dependent key="8" type="60" displayName="対話型エクスペリエンスのサポート案件" parentDisplayName="サポート案件" id="{915f6055-2e07-4276-ae08-2b96c8d02c57}" />
      </MissingDependency>
      <MissingDependency>
        <Required key="57" type="60" displayName="取引先担当者カード" parentDisplayName="取引先担当者 " solution="msdynce_AppCommon (9.0.4.0066)" id="{707fc57b-c5e6-471b-a180-e37ed28a38e2}" />
        <Dependent key="1" type="60" displayName="オブジェクト検知" parentDisplayName="サポート案件" id="{fe0fa3ed-1f34-4377-8fa2-386c42c68dd9}" />
      </MissingDependency>
      <MissingDependency>
        <Required key="57" type="60" displayName="取引先担当者カード" parentDisplayName="取引先担当者 " solution="msdynce_AppCommon (9.0.4.0066)" id="{707fc57b-c5e6-471b-a180-e37ed28a38e2}" />
        <Dependent key="8" type="60" displayName="対話型エクスペリエンスのサポート案件" parentDisplayName="サポート案件" id="{915f6055-2e07-4276-ae08-2b96c8d02c57}" />
      </MissingDependency>
      <MissingDependency>
        <Required key="57" type="60" displayName="取引先担当者カード" parentDisplayName="取引先担当者 " solution="msdynce_AppCommon (9.0.4.0066)" id="{707fc57b-c5e6-471b-a180-e37ed28a38e2}" />
        <Dependent key="6" type="60" displayName="サポート案件" parentDisplayName="サポート案件" id="{4a63c8d1-6c1e-48ec-9db4-3e6c7155334c}" />
      </MissingDependency>
      <MissingDependency>
        <Required key="54" type="60" displayName="取引先企業カード" parentDisplayName="取引先企業 " solution="msdynce_AppCommon (9.0.4.0066)" id="{b028db32-3619-48a5-ac51-cf3f947b0ef3}" />
        <Dependent key="1" type="60" displayName="オブジェクト検知" parentDisplayName="サポート案件" id="{fe0fa3ed-1f34-4377-8fa2-386c42c68dd9}" />
      </MissingDependency>
      <MissingDependency>
        <Required key="56" type="60" displayName="解決期限の SLA" parentDisplayName="SLA KPI インスタンス" solution="msdynce_ServiceLevelAgreement (2.0.1.1)" id="{19b14c51-3d43-4d56-ab34-49c540bf468c}" />
        <Dependent key="6" type="60" displayName="サポート案件" parentDisplayName="サポート案件" id="{4a63c8d1-6c1e-48ec-9db4-3e6c7155334c}" />
      </MissingDependency>
      <MissingDependency>
        <Required key="8" type="60" displayName="対話型エクスペリエンスのサポート案件" parentDisplayName="サポート案件" solution="msdynce_Service (9.0.5.56)" id="{915f6055-2e07-4276-ae08-2b96c8d02c57}" />
        <Dependent key="8" type="60" displayName="対話型エクスペリエンスのサポート案件" parentDisplayName="サポート案件" id="{915f6055-2e07-4276-ae08-2b96c8d02c57}" />
      </MissingDependency>
      <MissingDependency>
        <Required key="6" type="60" displayName="サポート案件" parentDisplayName="サポート案件" solution="msdynce_Service (9.0.5.56)" id="{4a63c8d1-6c1e-48ec-9db4-3e6c7155334c}" />
        <Dependent key="6" type="60" displayName="サポート案件" parentDisplayName="サポート案件" id="{4a63c8d1-6c1e-48ec-9db4-3e6c7155334c}" />
      </MissingDependency>
      <MissingDependency>
        <Required key="5" type="60" displayName="情報" parentDisplayName="サポート案件" solution="msdynce_Service (9.0.5.56)" id="{f658c846-f74c-459b-b591-b97558958106}" />
        <Dependent key="5" type="60" displayName="情報" parentDisplayName="サポート案件" id="{f658c846-f74c-459b-b591-b97558958106}" />
      </MissingDependency>
      <MissingDependency>
        <Required key="55" type="60" displayName="最初の応答の SLA" parentDisplayName="SLA KPI インスタンス" solution="msdynce_ServiceLevelAgreement (2.0.1.1)" id="{ede9dac3-e143-4be4-acc8-237309e31210}" />
        <Dependent key="6" type="60" displayName="サポート案件" parentDisplayName="サポート案件" id="{4a63c8d1-6c1e-48ec-9db4-3e6c7155334c}" />
      </MissingDependency>
      <MissingDependency>
        <Required key="54" type="60" displayName="取引先企業カード" parentDisplayName="取引先企業 " solution="msdynce_AppCommon (9.0.4.0066)" id="{b028db32-3619-48a5-ac51-cf3f947b0ef3}" />
        <Dependent key="6" type="60" displayName="サポート案件" parentDisplayName="サポート案件" id="{4a63c8d1-6c1e-48ec-9db4-3e6c7155334c}" />
      </MissingDependency>
      <MissingDependency>
        <Required key="58" type="66" schemaName="MscrmControls.Containers.SimilarCasesGridControl" displayName="MscrmControls.Containers.SimilarCasesGridControl" solution="msdynce_Service (9.0.5.56)" />
        <Dependent key="8" type="60" displayName="対話型エクスペリエンスのサポート案件" parentDisplayName="サポート案件" id="{915f6055-2e07-4276-ae08-2b96c8d02c57}" />
      </MissingDependency>
      <MissingDependency>
        <Required key="59" type="61" schemaName="msdyn_/Case/Case.Library.js" displayName="msdyn_/Case/Case.Library.js" solution="FieldService (7.5.0.60)" />
        <Dependent key="6" type="60" displayName="サポート案件" parentDisplayName="サポート案件" id="{4a63c8d1-6c1e-48ec-9db4-3e6c7155334c}" />
      </MissingDependency>
      <MissingDependency>
        <Required key="60" type="61" schemaName="msdyn_/RecordWall.htm" displayName="msdyn_/RecordWall.htm" solution="ActivityFeedsCore (9.0.0.0)" />
        <Dependent key="5" type="60" displayName="情報" parentDisplayName="サポート案件" id="{f658c846-f74c-459b-b591-b97558958106}" />
      </MissingDependency>
      <MissingDependency>
        <Required key="61" type="61" schemaName="msdyn_/ActivityFeeds.Form.js" displayName="msdyn_/ActivityFeeds.Form.js" solution="ActivityFeedsCore (9.0.0.0)" />
        <Dependent key="5" type="60" displayName="情報" parentDisplayName="サポート案件" id="{f658c846-f74c-459b-b591-b97558958106}" />
      </MissingDependency>
      <MissingDependency>
        <Required key="62" type="61" schemaName="msdyn_/Images/AppModule_Default_Icon.png" displayName="msdyn_/Images/AppModule_Default_Icon.png" solution="AppModuleWebResources (2.5)" />
        <Dependent key="2" type="80" schemaName="new_incidentobjectdetection" displayName="サポート案件オブジェクト検知" />
      </MissingDependency>
      <MissingDependency>
        <Required key="63" type="61" schemaName="Service/Incident/Incident_main_system_library.js" displayName="Service/Incident/Incident_main_system_library.js" solution="msdynce_Service (9.0.5.56)" />
        <Dependent key="5" type="60" displayName="情報" parentDisplayName="サポート案件" id="{f658c846-f74c-459b-b591-b97558958106}" />
      </MissingDependency>
      <MissingDependency>
        <Required key="64" type="61" schemaName="msdyn_/Utils/head.js" displayName="msdyn_/Utils/head.js" solution="FieldService (7.5.0.60)" />
        <Dependent key="6" type="60" displayName="サポート案件" parentDisplayName="サポート案件" id="{4a63c8d1-6c1e-48ec-9db4-3e6c7155334c}" />
      </MissingDependency>
      <MissingDependency>
        <Required key="59" type="61" schemaName="msdyn_/Case/Case.Library.js" displayName="msdyn_/Case/Case.Library.js" solution="FieldService (7.5.0.60)" />
        <Dependent key="1" type="60" displayName="オブジェクト検知" parentDisplayName="サポート案件" id="{fe0fa3ed-1f34-4377-8fa2-386c42c68dd9}" />
      </MissingDependency>
      <MissingDependency>
        <Required key="63" type="61" schemaName="Service/Incident/Incident_main_system_library.js" displayName="Service/Incident/Incident_main_system_library.js" solution="msdynce_Service (9.0.5.56)" />
        <Dependent key="1" type="60" displayName="オブジェクト検知" parentDisplayName="サポート案件" id="{fe0fa3ed-1f34-4377-8fa2-386c42c68dd9}" />
      </MissingDependency>
      <MissingDependency>
        <Required key="64" type="61" schemaName="msdyn_/Utils/head.js" displayName="msdyn_/Utils/head.js" solution="FieldService (7.5.0.60)" />
        <Dependent key="1" type="60" displayName="オブジェクト検知" parentDisplayName="サポート案件" id="{fe0fa3ed-1f34-4377-8fa2-386c42c68dd9}" />
      </MissingDependency>
      <MissingDependency>
        <Required key="65" type="61" schemaName="Service/Incident/Ribbon/Incident_ribbon_library.js" displayName="Service/Incident/Ribbon/Incident_ribbon_library.js" solution="msdynce_Service (9.0.5.56)" />
        <Dependent key="8" type="60" displayName="対話型エクスペリエンスのサポート案件" parentDisplayName="サポート案件" id="{915f6055-2e07-4276-ae08-2b96c8d02c57}" />
      </MissingDependency>
      <MissingDependency>
        <Required key="63" type="61" schemaName="Service/Incident/Incident_main_system_library.js" displayName="Service/Incident/Incident_main_system_library.js" solution="msdynce_Service (9.0.5.56)" />
        <Dependent key="8" type="60" displayName="対話型エクスペリエンスのサポート案件" parentDisplayName="サポート案件" id="{915f6055-2e07-4276-ae08-2b96c8d02c57}" />
      </MissingDependency>
      <MissingDependency>
        <Required key="66" type="61" schemaName="Service/Incident/Convert/Incident_convert_library.js" displayName="Service/Incident/Convert/Incident_convert_library.js" solution="msdynce_Service (9.0.5.56)" />
        <Dependent key="8" type="60" displayName="対話型エクスペリエンスのサポート案件" parentDisplayName="サポート案件" id="{915f6055-2e07-4276-ae08-2b96c8d02c57}" />
      </MissingDependency>
    </MissingDependencies>
  </SolutionManifest>
</ImportExportXml>